year,fish,production_ton
2022,ปลาทูน่าท้องแถบ,359760002.141
2022,กุ้งขาว,126321025.142
2022,ปลาทูน่าครีบเหลือง,90279913.86400001
2022,ปลากะตัก,75572097.979
2022,ปลาทรายแดง,63946325.978
2022,ปลาแป้น,43881500.346
2022,ปลาซาร์ดีน,43797511.071
2022,ปลาทูน่าครีบยาว,26312029.03
2022,ปลาหมึกกล้วย,21177861.097
2022,หอยนางรม,20896359.839
2022,ปลาซาบะ,19893566.562
2022,ปลาแซลมอน,19619145.897
2022,ปลาหลังเขียว,16385414.644
2022,ปลาโอดำ,15748178.473
2022,ปลาทูแขก,11677388.13
2022,กุ้งกุลาดำ,10760619.1432
2022,ปลายี่สกเทศ,10033324.04
2022,ปลาอลาสก้าโพล็อค,8755168.199
2022,ปลาหางแข็ง,8641532.35
2022,ปลาหมึกกระดอง,8559403.143
2022,ปลาทูน่าตาโต,8302385.441
2022,ปลานิล,8100999.735
2022,ปลาสีกุน,7524686.53
2022,ปลาดาบเงิน,7286734.54
2022,ปูทะเล,6375712.18
2022,ปลาหมึกสาย,6084361.494
2022,ปลาทูลัง,5723069.82
2022,ปลาปากคม,5557677.56
2022,ปลาสวาย,5467805.633
2022,กุ้งแดง,5241003.3761
2022,ปลาทูแขกครีบยาว,4825984.41
2022,หอยตลับ,4593842.782
2022,กุ้งก้ามกราม,3994706.574
2022,ปลาจวด,3823511.341
2022,ปลาสร้อยขาว,3341964.44
2022,ปลาตาหวาน,3166937.8
2022,ปลาไส้ตัน,3108522.0
2022,ปลาตาโต,2996157.791
2022,แมงกะพรุนหนัง,2835117.0
2022,ปลาโอลาย,2803964.722
2022,สาหร่ายทะเล,2798368.859
2022,หอยแครง,2684270.0
2022,ปลาตาเดียว,2667078.5
2022,ปลาลิ่น,2384676.7
2022,ปลาหมึกกล้วยยักษ์,2240801.524
2022,ปลาสีกุนข้างเหลือง,2113234.53
2022,ปลากะพงขาว,2089954.969
2022,ปลาหนวดฤาษี,2006610.1199999999
2022,แมงกะพรุน,1799705.72
2022,ปลาทูสั้น,1669562.13
2022,ปลาชะโด,1659841.379
2022,ปลาอินทรี,1600497.38
2022,ปลาริวกิว,1597698.0
2022,ปลาไข่,1586566.2921
2022,ปลาหมึกหอม,1515532.39
2022,เคย,1446400.55
2022,ปลาแมคเคอเรล,1434799.391
2022,ปลาทูน่าโบนิโต,1410931.632
2022,ปลาเทราต์,1406189.098
2022,ปลาเป็ด,1378000.0
2022,ปลายอดจาก,1377731.0
2022,ปลากระดี่,1357133.194
2022,ปลาหมอไทย,1315499.51
2022,ปลาหางแข็งบั้ง,1282765.6
2022,หอยลาย,1193154.5046
2022,ปลาหัวแบน,999290.0
2022,ปลาแฮดด็อก,970259.97
2022,ปลาเฮก,959309.443
2022,ปลาทราย,941060.1
2022,ปลาค็อด,908763.089
2022,หอยเตาะ,901160.0
2022,กุ้งมังกร,823950.475
2022,ปลาวัว,820635.55
2022,ปลาสลิดทะเล,794115.4
2022,หอยเชลล์,780782.331
2022,ปูม้า,780160.852
2022,หอยหวาน,770455.4
2022,หอยจุ๊บแจง,758110.0
2022,ปูจั๊กจั่น,739300.0
2022,ปลาสีกุนตาพอง,724609.03
2022,ปลาจะละเม็ดดำ,721108.25
2022,ปลานวลจันทร์เทศ,657365.791
2022,กั้งตั๊กแตน,655289.3
2022,ปลาเฮอร์ริง,654199.63
2022,ปลาหมึกยักษ์,626704.84
2022,ปลาตูหนา,593233.26
2022,ปลากะพงข้างเหลือง,580213.0
2022,ปลาโฮกิ,575916.76
2022,ปลาตะเพียน,572849.372
2022,กบนา,548204.61
2022,ปลาลิ้นหมา,517824.68
2022,ปลาดุกแอฟริกา,514463.4
2022,ปลาดุกอุย,483325.92
2022,ปลาซันมะ,429603.07
2022,ปลาสลิด,426474.85
2022,ปลาบลูไวทิง,425250.0
2022,ปลาเก๋า,392716.3
2022,กุ้งตะกาด,385352.024
2022,ปลาทับทิม,378013.5
2022,ปลาหางเหลือง,376346.79
2022,กุ้งโอคักเล็ก,372176.832
2022,ปลาโอหลอด,354924.0
2022,ปลากระเบน,342895.429
2022,ปลากราย,308547.827
2022,ปลาเรดซีบรีม,307470.265
2022,ปลากดทะเล,304291.68
2022,ปลาไน,290063.096
2022,ปลาแจคแมคเคอเรล,265200.85
2022,ปลาสาก,244525.74
2022,หอยสังข์,243100.0
2022,ปลากัด,232587.889
2022,หอยปากเป็ด,230000.0
2022,ปลากระทุงเหว,226865.95
2022,ปลากะมงพร้าว,221745.096
2022,กุ้งตะกาดหางแดง,219820.03
2022,หอยพระจันทร์ลายจุด,216388.0
2022,หอยพอก,216300.0
2022,ปลาซิวแก้ว,206146.858
2022,ปลาฮอชแมคเคอเรล,205511.4
2022,ปลาช่อน,203625.092
2022,กุ้งชมพู,201784.38
2022,ปลาหมูสี,194785.53
2022,อาร์ทีเมีย,193571.33
2022,ปลาฮาลิบัท,192325.26
2022,กุ้งแชบ๊วย,191637.901
2022,กุ้งคิดดิ,181799.77
2022,ปลากุเรา,180926.99
2022,หอยมุกจาน,180129.5
2022,ปลาหมอเทศ,178683.2
2022,ปลานวลจันทร์น้ำจืด,178314.83
2022,ปลาโฉมงาม,167020.0
2022,ปลิงทะเล,166778.0
2022,ปลาสังกะวาด,165719.06
2022,จระเข้น้ำจืด,155435.93600000002
2022,สาหร่ายวากาเมะ,149426.02
2022,สาหร่ายฮิจิกิ,134684.2
2022,กุ้งทราย,130841.47200000001
2022,กุ้งโอคักใหญ่,130758.2
2022,หอยแมลงภู่,126248.03
2022,ปลาสีกุนหน้านวล,123888.0
2022,หอยปีกนก,122301.4
2022,ปลาหมึกสายยักษ์,119843.0
2022,ปลาแดง,119556.85
2022,ปลาดุกบิ๊กอุย,104594.78
2022,ปลาบู่,103763.05
2022,ปลาเม็ดขนุน,102030.0
2022,หอยถ่าน,100520.666
2022,ปลาสร้อยนกเขาทะเล,94940.0
2022,ปลาตะเพียนน้ำเค็ม,91047.0
2022,ปลาแอทคาแมคเคอเรล,90663.00200000001
2022,หอยซิจิมิ,87025.0
2022,ปลาปักเป้าหนามทุเรียน,80010.0
2022,ปลาสละ,78080.0
2022,ปลาหางควาย,74260.2
2022,กุ้งติติ,74000.9
2022,ปลาฉลาม,72647.55
2022,ปลาทูน่า,72487.335
2022,ปลาไหลทะเล,70015.5
2022,ปลาหางนกยูง,68471.443
2022,ปลาดอกหมากกระโดง,67463.0
2022,กุ้งตะกาดกรีจุด,65750.432
2022,ปลาซ่ง,64852.29
2022,ปลาไหลนา,64628.72
2022,ปลากะพงแดง,63897.549999999996
2022,ปลาทรายขาว,61143.144
2022,ปลาวาฮู,60570.0
2022,ปลาฉลามสีน้ำเงิน,55484.0
2022,ปลาดอกหมากครีบยาว,52480.15
2022,กุ้งเชอรี่,51492.417
2022,ปลาแป้นแก้ว,51061.35
2022,ปลาเบญจพรรณ,50000.0
2022,กุ้งน้ำตาล,48757.479999999996
2022,ปลาสำลีญี่ปุ่น,48735.8
2022,ปลาทอง,47230.358
2022,ปลาจะละเม็ดเทา,46345.0
2022,ปลานวลจันทร์ทะเล,44093.905
2022,ปลาจะละเม็ด,43267.747
2022,หอย,41064.4
2022,ปลากะพงแสม,39813.0
2022,ปลาลูกผึ้ง,39723.939
2022,ปลาทรายแดงใหญ่,39632.5
2022,ปลาตะลุมพุก,39136.62
2022,ปูหิมะ,36306.78
2022,ปลาสอด,36159.182
2022,ปลาซีบรีม,35911.58
2022,ปลาทูปากจิ้งจก,33920.31
2022,ปลาคาร์ดินัล,33485.388
2022,ปลาหมอมาลาวี,33466.65
2022,ปลาแป้นแถบ,33309.44
2022,ปลากระบอก,32686.91
2022,ปลาช่อนทะเล,31695.18
2022,ปลาหมอสี,30084.043
2022,ปลาสลิดหิน,29967.07
2022,กุ้งกุลาลาย,29142.4
2022,หอยจอบ,28613.98
2022,กุ้งมังกรเขียว,26433.0
2022,ปลานิลแดง,25973.75
2022,ปูนา,25602.66
2022,ปลากระโทงแทง,24489.08
2022,ปลากะพง,23592.5
2022,ปลาหมึกไดมอนด์,22545.399999999998
2022,กุ้งเหลืองหางฟ้า,22100.0
2022,กุ้งฝอย,22069.57
2022,ปลาหางไหม้,21740.512
2022,ปลาจิ้งจอก,20629.195
2022,ปลาออสการ์,20315.151
2022,ปลาสลาด,20085.887
2022,ปลาจะละเม็ดขาว,19376.0
2022,ปลาเค้าขาว,18414.3
2022,ปลาหลังเขียวกลม,18060.2
2022,ปลาใบปอ,17318.0
2022,ปลาก้างพระร่วง,17171.538
2022,ปลาทู,16724.93
2022,จระเข้น้ำเค็ม,16536.99
2022,กุ้งปล้อง,16370.0
2022,ปลาโพล็อค,15874.8
2022,ปลาวอลล์อาย,15505.0
2022,ปลาซัคเกอร์,15424.745
2022,ปลาเสือเยอรมัน,15373.185
2022,ปลากาแดง,14879.254
2022,ปลาแบล็คซีบรีม,13880.0
2022,หอยโข่งน้ำจืด,13554.655999999999
2022,ปลากระโห้,13301.8
2022,ปลาแรด,13107.065
2022,ปลาแมวหนวดยาว,12930.0
2022,ปลากดคัง,12503.003
2022,กุ้ง,12489.220000000001
2022,ปลาคาร์พ,11820.228
2022,ปลาหิมะ,11641.33
2022,ปลาเจมฟิช,11176.0
2022,ปลาสีเสียด,10796.93
2022,ปลาหมู,10620.722
2022,ปลากระดี่หม้อ,10477.512999999999
2022,ปลาแขยงข้างลาย,10375.43
2022,ปลาปักเป้าจุดดำ,10333.710000000001
2022,ปูลาย,10168.0
2022,กุ้งลอบสเตอร์,10119.6
2022,ปลากระดี่นาง,10047.08
2022,หอยนมสาว,10000.0
2022,หอยกินหอย,9972.959
2022,ปลาปอมปาดัวร์,9894.752
2022,หอยเป๋าฮื้อ,9539.0
2022,ปลาเหลืองโพรง,9480.0
2022,จระเข้อัลลิเกเตอร์,9383.278
2022,ปลาคลุด,9375.0
2022,เพรียงทราย,9316.0
2022,ปลาหมอฟลาวเวอร์ฮอร์น,9171.266
2022,ปลาสลิดทะเลแถบ,9015.72
2022,ปลาแปซิฟิกโอเชี่ยนเพิร์ซ,8894.0
2022,ปลาซิวข้างขวาน,8795.759
2022,ปลาไส้ตันตาขาว,8593.0
2022,หอยหน้ายักษ์,8575.0
2022,ปลาฉลามครีบดำ,8500.0
2022,ปลากระเบนหัวแหลม,8460.0
2022,กุ้งแรด,8307.371
2022,ปลาอินทรีจุด,8175.5
2022,ปลากะพงข้างปาน,7788.0
2022,ปลาทรงเครื่อง,7775.44
2022,ปูแสม,7647.56
2022,ปลากะมงขาว,7454.0
2022,ปลาเข็ม,7415.855
2022,หอยทะเลสองฝา,7398.0
2022,ปลาเล็บมือนาง,7365.666
2022,ปลาร็อคฟิช,7137.396
2022,ปลาเปคูแดง,7080.783
2022,ปลาม้าลาย,7006.64
2022,ปลาหมอกล้วยหอม,6891.577
2022,ปลาไวท์แวร์ฮู,6880.0
2022,ปลาคูลี่,6872.605
2022,กุ้งคาร์ดินัล,6782.86
2022,ปลาเทวดา,6746.35
2022,ปลากระดี่แดง,6509.065
2022,ปลาเนื้ออ่อน,6488.0
2022,ปลาออเร้นจ์รัฟฟี่,6330.0
2022,ปลาซิวข้างขวานเล็ก,6052.348
2022,ปลาหมอนกแก้ว,5801.526
2022,ปลานกกระจอก,5724.0
2022,ปลาดุกด้าน,5536.0
2022,ปลาหมูปากีสถาน,5489.603
2022,ปลาเรดเทลแคทฟิช,5439.916
2022,หอยหมาก,5145.0
2022,ปลากริม,5003.793
2022,กุ้งเครย์ฟิช,4883.992
2022,ปลาบู่หมาจู,4764.22
2022,ปลากระเบนโปลกาด๊อท,4748.748
2022,ปลากะพงแดงหน้าตั้ง,4645.0
2022,ปลาซิวตาเขียว,4579.491
2022,หอยโข่ง,4440.0
2022,ปลากระดี่แคระ,4367.065
2022,ปลาซิวอ้าว,4343.27
2022,ปลาซิว,4340.401
2022,ปลากดหัวเสียม,4278.0
2022,ปลากระเบนโมโตโร่,4115.052
2022,กั้งกระดาน,4064.0
2022,ปลากดเหลือง,4014.503
2022,ปลาดอรี่,4005.12
2022,หอยเชอรี่,3948.2799999999997
2022,ปลาแซนฟิช,3940.0
2022,ปูแดง,3831.6
2022,ปลาเสือสุมาตรา,3822.167
2022,ปลาซิวข้าวสาร,3649.041
2022,หอยตะเภา,3580.0
2022,ปลาเฉี่ยว,3571.543
2022,ปลาบัตเตอร์ฟิช,3500.0
2022,ปลาแบล็คโทส,3485.35
2022,ปลาหมอบลูดอลฟิน,3470.421
2022,ปลาฮาลิบัทญี่ปุ่น,3400.0
2022,ปูหิน,3400.0
2022,เปลือกหอยตาวัว,3323.0
2022,ปลาหมอแตงไทย,3287.205
2022,ปลาปักเป้าซีลอน,3280.036
2022,ปลาทูน่าครีบน้ำเงินแปซิฟิก,3202.0
2022,ปลาช่อนพม่า,3146.951
2022,ปลาหมอวีนัส,3116.595
2022,หอยกาบน้ำจืด,3116.3
2022,ปลากะพงลายเสือ,3100.0
2022,ปลากระเบนแมลงวัน,3099.0
2022,ปลาเมี้ยน,3012.8
2022,ปลาทูน่าใต้,2970.0
2022,ปลานีออน,2924.726
2022,ปลากา,2738.0
2022,ปลาเทโพ,2682.315
2022,ปลาหัวตะกั่ว,2676.505
2022,ปลากระเบนหางสั้น,2658.048
2022,ปลาโรซี่,2628.173
2022,ปลาเสือพ่นน้ำ,2628.025
2022,ปลาเทพา,2623.329
2022,ปลาหมอไฟร์เมาท์,2610.286
2022,ปลากาดำ,2595.2889999999998
2022,ปลาตะกรับ,2547.793
2022,ปลาเสือตอลายเล็ก,2531.063
2022,ปลาการ่า,2466.958
2022,ปลาจิ้งจอกจีน,2464.055
2022,ปลาหลดจุด,2452.94
2022,ปลาอีโต้มอญ,2400.0
2022,ปลาหนวดยุ่ง,2386.68
2022,หอยไม้ไผ่,2365.0
2022,หอยหลอด,2265.12
2022,ตะพาบ,2233.0
2022,ปลาหมออิเล็คทริกบลู,2217.417
2022,ปลาแป้นแก้วหน้ายาว,2212.987
2022,ปลาหมอมาลาวีเหลือง,2163.854
2022,ปลาหมอจาขอบ,2120.397
2022,ปลาแพะ,2117.359
2022,ปลาแป้นแก้วรังกา,2107.833
2022,หอยสองฝา,2082.0
2022,ปลาหมอดีมาสัน,2065.153
2022,ปลาแบล็คโกสท์,2047.609
2022,ปลาอะโรวาน่าเงิน,2033.337
2022,ปลากระโทงแทงสีน้ำเงิน,2002.0
2022,ปลาตะเพียนทอง,1917.312
2022,ปลาจีด,1830.6
2022,ปลารัมมี่โนส,1807.482
2022,ปลาหมูอินโด,1800.315
2022,ปลาตะเพียนอินโดตาแดง,1790.805
2022,ปลาหมอริวูเลตัส,1701.134
2022,หอยสังข์โมฬี,1640.0
2022,ปลาหมูหางแดง,1634.575
2022,ปลาหมอตาล,1627.273
2022,ปลากระทิงดำ,1617.913
2022,ปลากดหัวแข็ง,1600.0
2022,ปลาหมอสีคาดังโก,1526.107
2022,ปลาบอร์ฟิช,1520.0
2022,ปลาหมอแคระ,1491.69
2022,ปลาซิวหางแดง,1463.347
2022,ปลาหมูลายเมฆ,1461.63
2022,ปลาตะโกก,1455.012
2022,ปลากั้ง,1420.586
2022,ปลาออตโต้,1369.782
2022,ปลาหมูอารีย์,1314.0
2022,ปลาหมออาปาเซ่,1302.387
2022,ปลาจิ้มฟันจระเข้,1287.0
2022,ปลาไทเกอร์ซูเวลโนส,1278.527
2022,ปลาซิวใบไผ่,1234.608
2022,ปลาซิวหนู,1228.5
2022,ปลาพาราไดซ์แดง,1224.194
2022,ปลากระทิง,1209.842
2022,หอยหินงาม,1208.5
2022,ปลาแรมเยอรมัน,1202.582
2022,ปลากระแห,1201.599
2022,ปลาหมอสีซูลู,1160.877
2022,ปลาหมอไตรมาคู,1148.862
2022,หอยขม,1148.2
2022,ปลาหมูข้างลาย,1133.0900000000001
2022,ปลาแขยง,1132.452
2022,ปลาเรนโบว์,1130.058
2022,ปลาซิวกาแล็คซี่,1111.448
2022,ปลาเฉา,1107.5
2022,ปลาซิวเพรชน้อย,1072.586
2022,ปลาฟิงเกอร์,1058.82
2022,ปลาเสือตอ,1056.96
2022,ปลาชีเวลเลีย,1050.196
2022,ลูกน้ำ,1032.0
2022,ปลาแพะเขียว,1025.972
2022,จระเข้ไคแมน,1020.9
2022,ปลาบู่กล้วย,1018.705
2022,ปลาตะเพียนอินเดีย,976.389
2022,ปลาซิวข้างขวานโกลไลท์,971.202
2022,กุ้งฟ้า,960.67
2022,ปลารากกล้วย,949.773
2022,ปลาซิวหลังจุด,944.124
2022,หอยหมวกทหาร,937.259
2022,ปลาหมูกระโดงสูง,933.585
2022,หอยมะระ,906.1
2022,ปลาหมูค้อ,891.598
2022,ปูอลาสก้า,879.15
2022,ปลากดทอง,873.96
2022,ปลาเตตร้า,867.834
2022,ปลาโกล์วไลท์ดานิโอ,846.263
2022,ปลาซิวหางกรรไกร,836.611
2022,ปลาหมอสีอิเล็คทริกบลู,834.991
2022,ปูแมงมุมแคระ,830.0
2022,ปลาหมอแซงแซว,820.325
2022,ปลาเอ็มเบอร์เตตร้า,801.588
2022,ปลาจิ้งจก,798.5
2022,ปลาซิวอีลิโทไมคอน,779.164
2022,ปลาเทราต์ทะเล,770.3
2022,ปลาหมอปากยาวน้ำเงิน,766.994
2022,ปลาปักเป้า,766.156
2022,หอยม้าลาย,749.6
2022,ปลาเชอรี่บาร์ป,736.252
2022,ปลากระดี่ปากหนา,733.1
2022,ปลาดุก,715.9639999999999
2022,ปลาแพะแพนด้า,703.177
2022,ปลาตะพาก,701.922
2022,ปลาแค้,700.0409999999999
2022,กุ้งลายเสือ,671.7
2022,ปลากัดป่า,664.3
2022,ปลากระเบนชายธง,662.5
2022,ปลาหมอแจ็กเดมป์ซีย์,660.755
2022,ปลาแขยงหิน,637.61
2022,ปลาแป้นหัวโหนก,628.937
2022,ปลาหลดภูเขา,628.61
2022,ปลาแบล็คแฟนทอม,626.78
2022,ปลาหมอฟรอนโตซ่า,621.386
2022,ปลาหมอเซวารุ่ม,619.953
2022,ปลาจระเข้อะลิเกเตอร์,619.478
2022,ปลาหมอโพลีนี่,615.24
2022,ปลาฉลามหนู,609.41
2022,ปลากรายอินเดีย,607.87
2022,ปลาตองลาย,600.953
2022,หอยแอปเปิ้ล,595.659
2022,ปลาบิน,579.0
2022,ปลาดุกหนามดำ,577.271
2022,ปลาหมอสีมิโลโม่,573.96
2022,ปลาหมอฟลามิงโก้,558.385
2022,หอยม้าลายอินโด,554.34
2022,ปลาปักเป้าวงแดง,550.3
2022,ปลาปักเป้าเขียว,546.64
2022,ปลามองคัวเซีย,533.5
2022,ปลาเยลโลว์เพิร์ช,525.0
2022,อึ่งปากขวด,525.0
2022,หอยเจดีย์,523.036
2022,ปลาน้ำหมึก,523.0
2022,ปลากะพงลาย,522.921
2022,ปลาซิวซับวา,520.915
2022,ปลาหมอสีไต้หวันรีฟ,520.81
2022,ปลานีออนดำ,519.265
2022,ปูดาว,508.0
2022,ปลาหมอจีเวล,504.745
2022,ปลากัดป่าภาคใต้,489.462
2022,ปลาตะเพียนหน้าแดง,489.157
2022,ปลาเปคูดำ,488.58
2022,ปลาหมอมาลาวีน้ำเงินคอแดง,488.311
2022,ปลาเซลฟินยักษ์,486.0
2022,ปลาคองโกเตตร้า,485.639
2022,ปลาวาเรียตัส,485.606
2022,หอยเขา,480.882
2022,สาหร่ายคลอเรลล่า,468.0
2022,ปลาหมอเทกซัสแดง,467.687
2022,ปลาเซอร์เป้เตตร้า,466.509
2022,หอยกาบลาย,459.0
2022,ปลาออสเซราลิส,457.067
2022,ปลาสิงโต,449.834
2022,หอยกาบ,446.0
2022,ปลาหมอมานาเกวนเซ่,441.883
2022,ตะพาบน้ำไต้หวัน,439.74
2022,ปลาเลียหิน,432.8
2022,ปลาหมออาร์เจนเตีย,429.501
2022,ปลาจิ้มฟันจระเข้แคระ,425.9
2022,ปลาอินซีเน็ต,412.981
2022,ปลากระทุงเหวเมือง,409.743
2022,ปลาปักเป้าควาย,409.66
2022,ปลาเพลซ,400.0
2022,โคพีพอด,400.0
2022,ปลาจอห์นดอรี่,398.0
2022,ปลาเรนโบว์หางยาว,397.764
2022,ปลาบาร์บ,393.0
2022,ปลาดินสอ,382.689
2022,ปลาเสือสุมาตราป่า,371.391
2022,ปลาหมอคอนวิค,362.872
2022,ปลากระทิงไฟ,362.456
2022,ปลาหมออิสตันบลูโจฮานนี่,347.829
2022,ปลาตะเพียนแคระ,343.676
2022,ปลาซิลเวอร์ดอลล่า,327.548
2022,ปลาโกลว์ไลท์,327.144
2022,ปูก้ามดาบ,321.0
2022,ปลาหมอสีโลมา,316.59000000000003
2022,ปลารอสตราตัส,315.616
2022,แมลงดานา,313.03
2022,ปลาบิเซียร์,309.56
2022,ปลาเตตตร้า,302.929
2022,ปลาเพนกวินเตตร้า,300.698
2022,ปลาค้อหางส้ม,296.35
2022,ปลาฟอกเทล,295.342
2022,ปลาพริสเทลล่า,295.3
2022,ปลาบลีดดิงฮาร์ทเตตร้า,295.0
2022,ปลากระดี่มุก,290.048
2022,ปูม้าก้ามดาบ,284.8
2022,ปลาโรซี่บาร์บ,279.0
2022,ปลาค้อ,276.165
2022,ปลาเวียน,276.052
2022,ปลาค้อเกาะช้าง,270.0
2022,หอยทาก,269.0
2022,ปลาคิลลี่,266.133
2022,ปลาแป้นยักษ์,263.0
2022,ปลาหมูปล้องลาย,244.0
2022,ปลาเรนโบว์แดง,236.969
2022,ปลาหมูสัก,222.07999999999998
2022,ปลาเกล็ดถี่,218.38
2022,ปลาหลด,216.146
2022,ปลาหมอไนเยอร์เรอร์,213.784
2022,ปลาขยุย,212.0
2022,ปลาบาร์บทอง,211.60399999999998
2022,ปลาเรนโบว์เกอทูเด้,209.608
2022,ปลาไวท์คลาวด์,206.17
2022,หอยตะโกรมกรามขาว,200.0
2022,ปลาหลดม้าลาย,198.0
2022,ปลาชะโอน,194.1
2022,ปลาบู่แคระ,193.0
2022,ปลาการ์ตูนลูกผสม,190.0
2022,ปลาซิวข้างเหลือง,189.7
2022,ปลาหมูม้าลาย,187.985
2022,ปลาหมูลายเสือ,182.96
2022,ปลาเผาะ,182.29
2022,ปลาหมอเรกานี่,180.983
2022,ปลากดดำ,180.0
2022,ปลาพลวงหิน,178.897
2022,ปลาบ้า,167.334
2022,ปลาเลมอนเตตร้า,166.14
2022,ปลาหมูลายเสือสาละวิน,161.6
2022,ปลาม้า,161.09
2022,ปลายอดม่วง,156.0
2022,ปลาอะโรวาน่าออสเตรเลีย,155.065
2022,ปลาหมูภูเขา,155.0
2022,ปลาไหลช่อ,153.183
2022,ปลาซิวครีบแดง,153.0
2022,งูหัวกะโหลก,152.0
2022,ปลาแป้นแก้วสาละวิน,150.06
2022,ไรแดง,150.002
2022,ปลาบึก,150.0
2022,ปลาสะตือ,143.0
2022,ปลาการ์ตูนเพอร์คูล่า,137.0
2022,ปลาตีน,135.0
2022,ปลางวงช้าง,132.722
2022,ปลาคลาวน์คิลลี่ฟิช,129.1
2022,ปลากระเบนธง,127.0
2022,เขียดทราย,127.0
2022,ปลานีออนเขียว,125.65899999999999
2022,ปลาตะเพียนหางธง,124.693
2022,ปลาพลวงชมพู,122.75
2022,ปลาเตตร้ากระโดงเงิน,122.077
2022,ปลาหมูแดง,122.0
2022,ปลาหมอคาร์โบ,121.819
2022,หอยคราง,120.0
2022,ปลาแมวกระโดงสูง,117.56
2022,ปลาซิวควาย,116.377
2022,ปลาหมอสีเตตร้า,113.0
2022,ปลาเอ็มเพอเรอร์เตตร้า,111.68299999999999
2022,ปลาน้ำเงิน,110.0
2022,ปลาเค้าดำ,108.2
2022,ปลาอมไข่,107.744
2022,ปลาผีเสื้อติดหินน่าน,103.0
2022,ปลาปักเป้าแคระ,101.0
2022,ปลาหมอ,101.0
2022,ปลาช่อนงูเห่า,100.5
2022,ปลาซีบร้าไทเกอร์,99.237
2022,ปลาปักเป้าทอง,98.31
2022,ปลาหมอโทรเฟียส,98.16
2022,ปลาหนวดพราหมณ์,96.961
2022,ปลาหมอเพอร์ซี่,95.5
2022,ปลาช่อนงูเห่าอินเดีย,95.025
2022,ปลาช่อนเจ็ดสี,93.51
2022,เต่าญี่ปุ่น,92.18
2022,ปลาเรดแพมทอม,91.27199999999999
2022,ปลาซิวใบไผ่เล็ก,90.5
2022,ปลาแขยงหนู,90.27
2022,ปลาเก๋าแดง,90.0
2022,ปลาการ์ตูนส้มขาว,89.8
2022,ปลาหมอกล้วยหอมเหลือง,88.661
2022,ปลาหมออัฟราคาจินโด,88.586
2022,ปลาบรัดฟิน,87.82000000000001
2022,จระเข้แม่น้ำไนล์,86.55
2022,ปลาปล้องอ้อย,86.0
2022,ปลาซิลเวอร์สแกต,85.0
2022,ปลาตาเหลือก,85.0
2022,หอยทากเปียโน,85.0
2022,ปลาพิคตัสแคทฟิช,83.0
2022,ปลาแก้มช้ำพม่า,80.503
2022,ปลากระสูบขีด,79.9
2022,ปลาโกล์ดเด้นท์บาร์บ,79.71
2022,ปลากระสง,76.725
2022,ปลากดแก้ว,76.0
2022,ปลาคิลลี่ฟิชราโชวี่อาย,73.857
2022,ปลาผีเสื้อน้ำจืด,73.5
2022,ปลาอะโรวาน่า,72.44200000000001
2022,ปลาติดหิน,71.527
2022,ปลาเสือหกขีด,70.0
2022,ปลาไชน่าซีโก้,70.0
2022,ปลากะแมะ,69.006
2022,ปลาหมอสีไซโซ,67.0
2022,ปลารีดฟิช,65.205
2022,ปลาช่อนทองลายบั้ง,65.1
2022,ปลาหมูหางจุด,65.0
2022,ปลาเสือพ่นน้ำเกล็ดถี่,64.00399999999999
2022,ปลาหมอสุรินัมเอนสิส,63.428999999999995
2022,ปลาดินสอแดง,61.978
2022,ปลากะรังดอกแดง,60.0
2022,ปลาซิวหางกรรไกรแคระ,60.0
2022,ปลาหมอแรมแดง,55.68
2022,ปลาคางเบือน,55.0
2022,ปลาเสือดำ,53.08
2022,ปลาซิวแคระ,53.0
2022,ปลาสีเงิน,53.0
2022,ปลาจิ้มฟันจระเข้ยักษ์,51.199999999999996
2022,ปลาแค้ติดหิน,51.0
2022,ปลาพีค็อกแบส,50.54
2022,ปลาแบล็ครูบี้,50.368
2022,ปลากะพงทับทิม,50.0
2022,ปลาเรดบิลลี่บลัดฟิน,50.0
2022,ปลาหมอแรมโบลิเวีย,46.886
2022,ปลาการ์,45.154
2022,ปลากระโห้อินเดีย,45.0
2022,ปลาแมว,44.55
2022,ปลาสะนาก,44.12
2022,ปลาแปซิฟิกบลูอาย,42.887
2022,ปลาการ์ตูนดำขาว,42.024
2022,ปลาเชคเกอร์บาร์บ,41.0
2022,ปลาแรดเขี้ยว,41.0
2022,ปลาปีกไก่,40.427
2022,ปลาอุก,40.0
2022,ปลาเอมเพอเรอร์,39.0
2022,ปลาผีเสื้อ,37.54
2022,ปลาจูบ,37.0
2022,ปลาพิงค์เทล,36.022
2022,ปลากะพงแดงสั้นหางปาน,36.0
2022,ปลาแรดแดง,35.503
2022,ปลาตะกาก,35.0
2022,ปลาดาบลาว,34.75
2022,ปลาคราวน์เตตร้า,34.516
2022,ปลาไทเกอร์โกไลแอต,34.272999999999996
2022,ปลาขาไก่,34.07
2022,ปลาแมวร้องไห้,33.813
2022,ปลาตะเพียนหางจุด,33.0
2022,ปลาซิวข้าวสารแม่โขง,32.0
2022,ปลาแดงน้อย,31.5
2022,ปลาหมอโธร่า,30.147
2022,ปลาซิวอินเล,30.0
2022,ปลาร่องไม้ตับ,30.0
2022,ปลาสายทองแถบดำ,30.0
2022,ปลากัดช้าง,27.0
2022,ปลาปักเป้าฟาฮากา,27.0
2022,ปลาพิ้งค์เทล,26.66
2022,ปลาแค้ขี้หมู,26.5
2022,ปลาโรซี่เตตร้า,26.0
2022,ปลากัดมหาชัย,25.0
2022,ปลาหลดหางแฉก,25.0
2022,ปลาแก้มช้ำ,25.0
2022,ปลาแค้ติดหินสามแถบ,25.0
2022,ปลาปักเป้าจุด,24.0
2022,ปลาหมูพม่า,24.0
2022,ปู,24.0
2022,ปลาหูช้าง,23.0
2022,ปลาแบล็กค็อด,23.0
2022,ปลาแมวลาย,23.0
2022,หนอนแดง,23.0
2022,ปลาอะโรวาน่าดำ,22.0
2022,ปลาจาด,21.0
2022,ปลาเรดไซเนอร์,20.142
2022,ปลากดขี้ลิง,20.0
2022,ปลากะพงเหลือง,20.0
2022,ปลาคางคก,20.0
2022,ปลาซันฟิช,20.0
2022,ปลาตะกรับลาย,20.0
2022,ปลาตูหนาลายดอก,20.0
2022,ปลาบู่เจ็ดสี,20.0
2022,ปลาพรมหัวเหม็น,20.0
2022,ปลาหมอซาวานี่,20.0
2022,ปลาแขยงใบข้าว,20.0
2022,หอยชักตีน,20.0
2022,ปลาไหล,19.42
2022,ปลาฉลามไม้ไผ่,19.09
2022,ปลาบาดิซ,18.0
2022,แมงดาจาน,18.0
2022,ปลาซิวหน้าแดง,17.8
2022,ปลากะรังจุดฟ้า,17.0
2022,สาหร่ายสไปรูลิน่า,16.7
2022,ปลาไวโอเล็ตแวร์ฮู,16.6
2022,ปลาซิวใบไผ่เขียว,16.0
2022,ปลาค้อเชียงตุง,15.5
2022,ปลาหมอแรมโพโรกัสเต็ดตร้า,15.5
2022,ปลาแบล็คบาร์เรดฮุก,15.2
2022,ปลาไหลมอเรย์,15.1
2022,ปลากระดี่ช็อคโกแล็ต,15.0
2022,ปลาขี้ตังเบ็ด,15.0
2022,ปลาช่อนข้าหลวง,15.0
2022,ปลาช่อนดำ,15.0
2022,ปลาดุกลำพัน,15.0
2022,ปลาพลวงทอง,15.0
2022,ปลาหมอช้างเหยียบ,15.0
2022,ปลาหางบ่วง,15.0
2022,ปลาแขยงเงิน,15.0
2022,ปลาแปบควายอาร์ม็อง,15.0
2022,ปลาไส้ตันตาแดง,15.0
2022,แมงดาถ้วย,15.0
2022,ปลาหนวดแมว,14.0
2022,ปลาอะราไพม่า,14.0
2022,กบหนอง,13.870000000000001
2022,ปลาหมอฮองเต้,13.754
2022,ปลาเพียว,13.6
2022,ปลาปักเป้าทองแดง,13.3
2022,ปลาอีกอง,13.0
2022,ปลาเปคู,13.0
2022,ปลาแลมป์อาย,13.0
2022,ปลากด,12.0
2022,ปลาซิลเวอร์แวร์ฮู,12.0
2022,ปลาปักเป้าสมพงษ์,12.0
2022,ปลาปักเป้าหางแดงพม่า,12.0
2022,ปลามะไฟ,12.0
2022,สาหร่ายคอนบุ,11.25
2022,ปลาบู่แก้ว,11.1
2022,ปลาหมูลายคู่,11.0
2022,ปลาโลมาน้ำจืด,10.3
2022,ปลาไทเกอร์วิตาตัส,10.114
2022,ปลาบู่พีค๊อก,10.09
2022,ปลาข้างตะเภา,10.06
2022,ปลาแอตแลนติกทาร์ปอน,10.054
2022,ปลาหมอไพค์,10.018
2022,ปลาขวานหิน,10.0
2022,ปลาคองโกเตตร้าหางเหลือง,10.0
2022,ปลาค้อมัศยะ,10.0
2022,ปลาค้อลาย,10.0
2022,ปลาซิวหนวด,10.0
2022,ปลาซิวแถบทอง,10.0
2022,ปลาบู่กินตะไคร่,10.0
2022,ปลาบู่เรนโบว์,10.0
2022,ปลาปักเป้าตาแดง,10.0
2022,ปลาเก๋าถ่าน,10.0
2022,ปลาเพรียว,10.0
2022,ไรน้ำ,10.0
2022,ปลาเสือห้าแถบ,9.0
2022,ปลาบู่ทราย,8.0
2022,สาหร่ายเซลล์เดียว,8.0
2022,ปลาหางไก่,7.4
2022,ปลาอับไซด์ดาว,7.18
2022,ปลาแอมเบอร์แจ๊ค,7.0
2022,ปลาหนามหลัง,6.99
2022,หอยหอม,6.0
2022,ปลาหมอสีไลออนเฮด,5.678
2022,ปลาค้อหางแดง,5.0
2022,ปลาเสือปาปัวนิวกินี,5.0
2022,ปลาเรดฮุก,4.6080000000000005
2022,ปลาขวานเงิน,4.5
2022,ปลาตับเต่า,4.45
2022,ปลาการ์ตูนแดง,4.4
2022,ปลาบิเชียร์ลายบั้ง,4.14
2022,ปลาปักเป้าตุ๊กแก,4.0
2022,ปลาเข็มงวง,4.0
2022,ปลาอะยุ,3.78
2022,ปลาหมูจุด,3.703
2022,ปลาจานแดง,3.3
2022,ปลาปักเป้าท้องตาข่าย,3.3
2022,ปลาตะเพียนม้าลาย,3.142
2022,ปลากระทุงเหวแม่หม้าย,3.14
2022,กุ้งหวาน,3.12
2022,ปลากะพงดำ,3.0
2022,ปลาเข็มแม่น้ำ,3.0
2022,ปลาลิ้นหมาน้ำจืด,2.5
2022,ปลาเด็มเซลท้องเหลือง,2.27
2022,ปลาวู๊ดแคทฟิช,2.14
2022,ปลาตะเพียนหยดน้ำ,2.0
2022,ปลาพลวง,2.0
2022,ปลาเคร่าเดดี้,2.0
2022,ปลาแค้แคระ,2.0
2022,กบไวท์,1.8
2022,ปลาบัมเบิลบีแคทฟิช,1.43
2022,ปลาสลิดหินน้ำผึ้ง,1.37
2022,ปลาจิ้มฟันจระเข้เขียว,1.0
2022,ปลาช่อนเข็ม,1.0
2022,ปลาดัก,1.0
2022,ปลาตีนจุดฟ้า,1.0
2022,ปลาปอดแอฟริกา,1.0
2022,ปลาหมอยูซีรัส,1.0
2022,ปลาอีคุด,1.0
2022,ปลาแขยงธง,1.0
2022,ปลาดุกตั๊กแตน,0.9319999999999999
2022,ปลาแอนเกิ้ล,0.9
2022,ปลาแขยงนวล,0.87
2022,ปลาบิเชียร์จุด,0.764
2022,ปลาหมอเสือดาว,0.605
2022,ปลาหมูลายจุดไซเบอร์เรียน,0.5
2022,ปลาแขยงดานดำ,0.5
2022,ปลาโอขาว,0.5
2022,หอยพิม,0.41
2022,กบ,0.2
2022,ปลาชะโอนหิน,0.2
2022,ปลาหมูดาริโอ,0.18
2022,ปลาจระเข้ฟอริด้า,0.09
2022,ปลาวูล์ฟฟิช,0.03
2022,ปลาอะโรวาน่าแอฟริกา,0.006
2022,ปลาช่อนบาร์กา,0.003
2023,ปลาทูน่าท้องแถบ,374034366.748
2023,กุ้งขาว,120682743.849
2023,ปลาทูน่าครีบเหลือง,99622413.917
2023,ปลาทรายแดง,78435578.78
2023,ปลากะตัก,75062249.266
2023,ปลาแป้น,61515602.646
2023,ปลาซาร์ดีน,45968435.486
2023,ปลาอลาสก้าโพล็อค,32912270.02
2023,หอยนางรม,23853007.911
2023,ปลาหลังเขียว,22099985.616
2023,ปลาทูน่าครีบยาว,21506940.826
2023,ปลาหมึกกล้วย,20645183.953
2023,ปลาซาบะ,20358999.101
2023,ปลาแซลมอน,15023867.194
2023,ปลาสวาย,14856354.138
2023,ปลาโอดำ,14780179.967
2023,กุ้งกุลาดำ,12711618.055
2023,ปลาหมึกกระดอง,11649488.014
2023,ปลาทูแขก,10606706.32
2023,ปลายี่สกเทศ,10440581.516
2023,ปลาหางแข็ง,8595993.85
2023,ปลาทูน่าตาโต,8058527.604
2023,ปลานิล,7798213.64
2023,ปลาสีกุน,7218183.0
2023,ปลาหมึกสาย,6883561.36
2023,ปลาทูลัง,6656625.32
2023,ปลาตาหวาน,5585937.18
2023,ปลาดาบเงิน,4949311.38
2023,ปลาปากคม,4695389.91
2023,กุ้งก้ามกราม,4593358.063
2023,หอยลาย,4531838.1
2023,กุ้งแดง,4354152.2471
2023,แมงกะพรุน,4339757.62
2023,ปลาสร้อยขาว,3998670.61
2023,สาหร่ายทะเล,3781384.256
2023,ปลาทูแขกครีบยาว,3685206.925
2023,หอยตลับ,3452245.6
2023,ปลาทูสั้น,3370100.017
2023,แมงกะพรุนหนัง,3367571.5
2023,ปลาลิ่น,2538145.5
2023,ปลาจวด,2457397.87
2023,ปลาตาโต,2382340.6
2023,ปลาโอลาย,2209917.008
2023,ปลาหมึกกล้วยยักษ์,2191481.936
2023,ปลาไส้ตัน,2127094.55
2023,ปลาสีกุนข้างเหลือง,2072826.142
2023,ปลาไข่,2043969.3091
2023,ปลาแมคเคอเรล,1993974.048
2023,ปลาหนวดฤาษี,1935920.845
2023,ปลายอดจาก,1888731.38
2023,ปูทะเล,1820957.179
2023,ปลาตาเดียว,1817397.4
2023,ปลาวัว,1493830.5
2023,ปลาชะโด,1458498.974
2023,ปูจั๊กจั่น,1438752.96
2023,หอยแครง,1323071.21
2023,ปลาลิ้นหมา,1278535.638
2023,ปลาเป็ด,1276000.0
2023,ปลาอินทรี,1249029.14
2023,เคย,1231608.742
2023,ปลาหางแข็งบั้ง,1231565.52
2023,หอยเชลล์,1212233.111
2023,ปลาแฮดด็อก,1204853.768
2023,ปลาเทราต์,1202978.69
2023,ปลากระดี่,1156439.094
2023,หอยเตาะ,1071650.0
2023,ปลาริวกิว,1056538.54
2023,ปลาทูน่าโบนิโต,1017942.068
2023,ปลากะพงขาว,1005127.404
2023,ปลาค็อด,975354.8640000001
2023,ปลาโอหลอด,968246.2
2023,ปลาสีกุนตาพอง,966632.43
2023,ปลาดุกแอฟริกา,942493.23
2023,ปลาทราย,803818.22
2023,ปลาหัวแบน,780735.0
2023,กุ้งโอคักเล็ก,774422.95
2023,ปูม้า,768580.956
2023,ปลาเฮก,721782.625
2023,ปลาสลิดทะเล,719543.5
2023,กบนา,718982.12
2023,ปลาเฮอร์ริง,708229.39
2023,ปลาหางเหลือง,706310.005
2023,กั้งตั๊กแตน,642973.38
2023,ปลาหมึกยักษ์,638017.09
2023,ปลาตะเพียน,624461.836
2023,ปลาจะละเม็ดดำ,621724.84
2023,ปลานวลจันทร์เทศ,585792.18
2023,ปลาบลูไวทิง,571941.47
2023,กุ้งมังกร,476224.657
2023,ปลาหมึกหอม,451634.63
2023,หอยมุกจาน,434851.0
2023,ปลาตะเพียนน้ำเค็ม,429065.68
2023,ปลาโฮกิ,428034.02
2023,ปลากะมงพร้าว,418075.003
2023,ปลาแจคแมคเคอเรล,409886.49
2023,หอยปากเป็ด,398100.0
2023,ปลาหมอไทย,388210.66
2023,ปลากะพงข้างเหลือง,382702.5
2023,ปลาไน,374536.55
2023,ปลาเหลืองโพรง,344183.0
2023,ปลาสาก,332166.56
2023,กุ้งแชบ๊วย,325830.09
2023,ปลากระทุงเหวแม่หม้าย,322410.82
2023,ปลานวลจันทร์ทะเล,316424.92
2023,อาร์ทีเมีย,316003.17
2023,ปลาตูหนา,309671.5
2023,หอยพอก,304400.0
2023,หอยแมลงภู่,304189.16
2023,หอยจุ๊บแจง,291250.0
2023,ปลาสลิด,287428.354
2023,ปลาเก๋า,277188.502
2023,ปลาทับทิม,273936.15
2023,ปลาหมูสี,245221.552
2023,ปลากัด,244170.993
2023,ปลานวลจันทร์น้ำจืด,240903.0
2023,กุ้งตะกาด,235915.628
2023,จระเข้น้ำจืด,230481.872
2023,ปลาหมอเทศ,225056.8
2023,กุ้งคิดดิ,217984.64
2023,ปลาสีกุนหน้านวล,212846.0
2023,ปลาดุกอุย,211020.87
2023,ปลาเรดซีบรีม,201900.45
2023,ปลาแป้นแถบ,186727.69
2023,ปลาซันมะ,180079.27
2023,กุ้งตะกาดหางแดง,179581.52
2023,สาหร่ายฮิจิกิ,177307.44
2023,ปลาซ่ง,172590.76
2023,ปลาซิวแก้ว,158546.99
2023,หอยปีกนก,155016.3
2023,ปลิงทะเล,154433.06
2023,ปลากดทะเล,151065.36
2023,ปลากระเบน,147448.224
2023,ปลาแดง,145871.75
2023,ปลากราย,137257.073
2023,ปลาบู่,130646.251
2023,หอยถ่าน,130324.856
2023,กุ้งชมพู,127562.594
2023,กุ้งติติ,126722.25
2023,ปลาสร้อยนกเขาทะเล,124066.048
2023,กุ้งทราย,122953.168
2023,ปลาฮาลิบัท,121584.707
2023,หอยหวาน,120537.06
2023,ปลากระโทงแทง,114005.59
2023,ปลาโอขาว,110669.53600000001
2023,ปลาแอทคาแมคเคอเรล,109956.0
2023,ปลาสังกะวาด,108627.0
2023,หอยจอบ,106053.05
2023,ปลาช่อน,102511.288
2023,ปลาจะละเม็ด,100212.08
2023,ปลากะพงแดง,95595.618
2023,ปลาทูน่า,92607.07
2023,หอยพระจันทร์ลายจุด,89867.0
2023,หอยซิจิมิ,86172.0
2023,กุ้ง,86170.09999999999
2023,ปลาฉลามสีน้ำเงิน,84700.0
2023,ปลาจะละเม็ดเทา,83289.0
2023,ปลาหางควาย,79106.0
2023,ปลาดอกหมากครีบยาว,77775.6
2023,ปลาฮอชแมคเคอเรล,74835.16
2023,ปลาแบล็กเบลลีโรสฟิช,74640.0
2023,สาหร่ายวากาเมะ,71999.9
2023,ปลาแป้นแก้ว,71112.40000000001
2023,ปลาหางนกยูง,65574.487
2023,ปลากระโห้,62675.786
2023,ปลาดุกบิ๊กอุย,58202.51
2023,ปลาช่อนทะเล,57714.75
2023,ปลากุเรา,56661.32
2023,ปลาทรายขาว,56032.798
2023,ปลากดคัง,54588.251
2023,ปลาหมู,54228.22
2023,ปลาหมึกไดมอนด์,54205.918000000005
2023,ปลาดอกหมากกระโดง,53578.0
2023,หอย,52442.0
2023,ปลาจะละเม็ดขาว,51455.4
2023,ปูหิมะ,49935.33
2023,ปลาทอง,46439.8165
2023,กุ้งเชอรี่,43945.932
2023,ปลาสลาด,41777.71
2023,กุ้งฝอย,41441.67
2023,ปลาตะลุมพุก,39896.53
2023,กุ้งตะกาดกรีจุด,39332.256
2023,ปลาเนื้ออ่อน,39183.8
2023,ปลาแขยงข้างลาย,38247.901
2023,ปลาลูกผึ้ง,37236.266
2023,ปลาทรายแดงใหญ่,37101.340000000004
2023,ปลาเฉา,36564.42
2023,ปลากะพงแสม,35705.0
2023,ปลาแปซิฟิกโอเชี่ยนเพิร์ซ,35009.44
2023,ปลาสอด,34971.576
2023,ปลาหมอมาลาวี,34352.642
2023,กุ้งโอคักใหญ่,32747.2
2023,ปลาสแปรต,32278.25
2023,ปลากา,32251.0
2023,หอยกาบน้ำจืด,31827.201
2023,หอยหลอด,31770.28
2023,หอยสังข์,31435.0
2023,ปลาหมอสี,30594.042
2023,ปลาเค้าขาว,29570.006
2023,หอยหมาก,28187.0
2023,กุ้งเหลืองหางฟ้า,27473.0
2023,ปลาหิมะ,26739.85
2023,หอยตะเภา,26141.0
2023,ปลาปักเป้าหนามทุเรียน,25620.0
2023,ปลาจิ้งจอก,24978.228
2023,แมวน้ำ,24974.0
2023,ปูนา,23962.75
2023,ปลาหางไหม้,23375.651
2023,ปลาอีโต้มอญ,23261.550000000003
2023,ปลาไหลนา,23176.03
2023,ปลาไหลทะเล,22824.3
2023,ปลาสละ,22803.0
2023,ปลาร็อคฟิช,22338.388
2023,โคพีพอด,21500.0
2023,ปลาออสการ์,20780.82
2023,ปลากะรังดอกแดง,20277.0
2023,ปลากระดี่หม้อ,20140.737
2023,ปลาซีบรีม,18955.13
2023,กุ้งน้ำตาล,18952.36
2023,ปลาซัคเกอร์,17619.919
2023,หอยทาก,17472.4
2023,จระเข้น้ำเค็ม,17298.061999999998
2023,ปลาฉลามครีบดำ,17054.63
2023,ปลาตะโกก,16520.0
2023,ปลากาแดง,16476.73
2023,ปลาก้างพระร่วง,16290.658
2023,ปลากะพงแดงข้างแถว,15485.0
2023,หอยนมสาว,15000.0
2023,จระเข้อัลลิเกเตอร์,14464.352
2023,ปลากระเบนแมลงวัน,14259.5
2023,ปูหิน,12933.0
2023,หอยทะเลสองฝา,12589.2
2023,ปลากดเหลือง,11617.7
2023,ปลาคาร์พ,11429.418
2023,หอยโข่งน้ำจืด,11182.58
2023,หอยกินหอย,11150.485
2023,กุ้งลายเสือ,11041.5
2023,หอยเชอรี่,10318.22
2023,ปลาหนวดยุ่ง,10198.207
2023,ปลาทรงเครื่อง,10098.609
2023,ปลาแมวหนวดยาว,10090.0
2023,ปลาแบล็คซีบรีม,10060.0
2023,ปลาเม็ดขนุน,10008.0
2023,ปลากะพง,9898.0
2023,ปลาปอมปาดัวร์,9773.055
2023,ปลาทู,9769.46
2023,กุ้งมังกรเขียว,9710.3
2023,ปลาหลดจุด,9459.997
2023,ปลาอินทรีจุด,9381.0
2023,กุ้งลอบสเตอร์,9255.6
2023,ปลากระดี่นาง,9255.539999999999
2023,ปลานิลแดง,9198.8
2023,ปลาหลด,9020.71
2023,ปลาเข็ม,8984.62
2023,ปลาปักเป้าจุดดำ,8851.743
2023,กุ้งแรด,8816.646
2023,เพรียงทราย,8731.0
2023,ปลาใบปอ,8681.0
2023,ปลากระดี่แดง,8655.435
2023,ปลาหมูปากีสถาน,8554.596
2023,กุ้งตะกาดกรีดำ,8320.0
2023,ปลาโพล็อค,8208.0
2023,ปลาทูปากจิ้งจก,8198.91
2023,ปูแสม,8128.2
2023,ปลาโฉมงาม,8125.0
2023,ปลาคาร์ดินัล,8094.599
2023,ปลาเทวดา,8088.891
2023,ปลาเสือเยอรมัน,8077.827
2023,กุ้งกุลาลาย,8022.72
2023,ปลากดหัวเสียม,7513.12
2023,ปลากาดำ,7409.822
2023,ปลาหมอกล้วยหอม,7254.033
2023,ปลาหมอฟลาวเวอร์ฮอร์น,7139.328
2023,ปลาคลุด,7110.0
2023,ปลาบู่หมาจู,7104.955
2023,ปลาไส้ตันตาขาว,6819.0
2023,ปลาเรดเทลแคทฟิช,6613.112
2023,ปลาหลังเขียวกลม,6500.0
2023,ปลาเล็บมือนาง,6403.668
2023,ปลาคูลี่,6383.225
2023,หอยเป๋าฮื้อ,6196.0
2023,ปลาแรด,6130.761
2023,ปลาซิวข้างขวานเล็ก,6118.476
2023,ปลาดุกด้าน,6084.764
2023,ปลาซิวข้างขวาน,6031.4
2023,กุ้งคาร์ดินัล,5998.74
2023,ปลาฉลาม,5733.0
2023,ปลาซิวตาเขียว,5638.968
2023,ปลาหมอนกแก้ว,5497.202
2023,ปลานกกระจอก,5325.0
2023,ปลากริม,5126.474
2023,ปลากระดี่แคระ,5053.129
2023,ปลาเสือตอลายเล็ก,4925.674
2023,ปลาเลมอนเตตร้า,4886.995
2023,ปลากะมงขาว,4860.8
2023,ปลากระเบนโปลกาด๊อท,4804.636
2023,ปลาเทโพ,4697.19
2023,หอยหน้ายักษ์,4576.0
2023,ปลาเฉี่ยว,4452.125
2023,ปลากระเบนโมโตโร่,4435.287
2023,หอยขม,4431.88
2023,ปลาเทราต์ทะเล,4310.0
2023,ปลาเสือพ่นน้ำ,4280.912
2023,ปลาปักเป้าซีลอน,4197.715
2023,กุ้งเครย์ฟิช,4191.912
2023,ปูแดง,4186.92
2023,ปลาเทพา,3993.841
2023,ปลาจีด,3980.0
2023,ปลาสลิดทะเลแถบ,3954.83
2023,ปลาซิวข้าวสาร,3950.806
2023,ปลาสีขน,3900.0
2023,ลูกน้ำ,3860.0
2023,ปูลาย,3807.5
2023,ปลาดอรี่,3767.0
2023,ปลาหมอบลูดอลฟิน,3670.447
2023,ปลาซิว,3629.48
2023,ปลาม้าลาย,3562.846
2023,ปลากะพงข้างปาน,3548.0
2023,ปลาจิ้งจอกจีน,3537.723
2023,หอยโข่ง,3495.0
2023,ปลาหมอวีนัส,3394.287
2023,ปลาแบล็กค็อด,3359.0
2023,ปลาหมอแตงไทย,3277.254
2023,ปลาหมูลายเมฆ,3263.579
2023,หนอนแดง,3246.0
2023,เปลือกหอยตาวัว,3000.0
2023,ปลาโรซี่,2964.877
2023,ปลาหัวตะกั่ว,2959.803
2023,ปลานีออน,2931.513
2023,ปลาเสือสุมาตรา,2930.15
2023,แมงดาจาน,2831.0
2023,ปลาตะกรับ,2800.899
2023,ปลาหมอมาลาวีเหลือง,2794.371
2023,ปลาซิวอ้าว,2778.91
2023,ปลาหมอดีมาสัน,2643.236
2023,ปลาทูน่าใต้,2600.0
2023,ปลาบิน,2597.1
2023,ปลาอะโรวาน่าเงิน,2589.297
2023,ปลาหมอจาขอบ,2586.728
2023,ปลาออตโต้,2421.159
2023,ปลาหมูหางแดง,2372.962
2023,ปลากระทิงดำ,2301.701
2023,ปลากะพงผี,2290.0
2023,ปลาแป้นแก้วรังกา,2277.639
2023,ปลาตะเพียนทอง,2257.4
2023,ปลาแพะ,2201.791
2023,ปลาการ่า,2161.441
2023,ปลาซิวเพรชน้อย,2113.446
2023,ปลาไวโอเล็ตแวร์ฮู,2099.925
2023,ปลาหมออิเล็คทริกบลู,2060.627
2023,หอยสังข์จุกพราหมณ์,2000.0
2023,ปลาตะเพียนอินโดตาแดง,1991.875
2023,ปลากะรังจุดฟ้า,1949.0
2023,ปลากระบอก,1887.83
2023,ปลาแบล็คโกสท์,1883.975
2023,ปลาจอห์นดอรี่,1813.4
2023,ปลาหมอสีคาดังโก,1808.377
2023,ปลาแรมเยอรมัน,1752.603
2023,ปลาแป้นแก้วหน้ายาว,1749.871
2023,ปลาเพลซ,1730.0
2023,ปลากระทิง,1722.308
2023,ปลากั้ง,1714.049
2023,ตะพาบ,1701.0
2023,ปลาหมออาปาเซ่,1697.887
2023,ปลากระเบนหางสั้น,1663.432
2023,ปลาหมอริวูเลตัส,1657.691
2023,ปลาวาฮู,1622.0
2023,ปลาเรนโบว์,1597.035
2023,ปลารัมมี่โนส,1595.023
2023,ปลาหมอไตรมาคู,1541.021
2023,ปลากระแห,1538.145
2023,ปลากระเบนชายธง,1528.8
2023,ปลาปักเป้า,1486.614
2023,ปลาซิวหนู,1458.772
2023,ปลาฮาลิบัทญี่ปุ่น,1450.0
2023,ปลาซิวหลังจุด,1408.888
2023,ปูแมงมุมแคระ,1408.134
2023,ปลาหมูอารีย์,1365.463
2023,ปลาซิวใบไผ่,1326.514
2023,ปลาหมอแคระ,1323.148
2023,ปลาชีเวลเลีย,1297.858
2023,ปลาดุก,1275.849
2023,ปลาจิ้งจก,1233.399
2023,ปลาหมอตาล,1195.38
2023,หอยม้าลายอินโด,1192.056
2023,หอยหมวกทหาร,1181.384
2023,ปลาแพะเขียว,1153.984
2023,ปลาโกล์วไลท์ดานิโอ,1152.436
2023,ปลาหมอไฟร์เมาท์,1152.129
2023,ปลาหมูอินโด,1150.986
2023,ปลาหมอสีซูลู,1097.862
2023,ปลาหมูกระโดงสูง,1095.748
2023,ปลาซิวหางแดง,1088.594
2023,หอยตาวัว,1080.0
2023,ปลารากกล้วย,1042.93
2023,ปลาพาราไดซ์แดง,1039.606
2023,ปลาซิวข้างขวานโกลไลท์,1038.358
2023,ปลาซิวหางกรรไกร,1029.494
2023,ปลาตะเพียนอินเดีย,1011.481
2023,หอยเจดีย์,1001.9
2023,ปลาแค้,960.397
2023,หอยสองฝา,959.96
2023,ปลาฟิงเกอร์,952.17
2023,ปลากระดี่ปากหนา,923.503
2023,ปลากดทอง,915.216
2023,ปลาหมอแซงแซว,891.934
2023,ปลาเอ็มเบอร์เตตร้า,889.387
2023,ปลาหมอสีอิเล็คทริกบลู,882.408
2023,ปลาแป้นหัวโหนก,855.412
2023,ปลาแขยง,832.5
2023,ปลาดอกหมาก,830.0
2023,ปลาสีเสียด,820.91
2023,ปลาตองลาย,817.471
2023,ปลาบู่กล้วย,806.18
2023,ปลาไทเกอร์ซูเวลโนส,800.987
2023,หอยสังข์โมฬี,799.5
2023,ปลาซิวกาแล็คซี่,798.892
2023,ปลาแพะแพนด้า,796.769
2023,ปลาเกล็ดถี่,785.6
2023,ปลาแขยงหิน,776.546
2023,ปลาหมอปากยาวน้ำเงิน,766.661
2023,ปลาตะพาก,764.311
2023,หอยม้าลาย,764.09
2023,ปลาซิวอีลิโทไมคอน,761.0
2023,ปลาเสือสุมาตราป่า,759.333
2023,สาหร่ายผักกาดทะเล,742.56
2023,ปลาเปคูดำ,738.881
2023,ปลาตะเพียนหน้าแดง,732.573
2023,หอยมะระ,720.0
2023,ปลาหมูข้างลาย,700.757
2023,ปลาสิงโต,696.068
2023,ปลาช่อนเจ็ดสี,685.37
2023,ปลาเลียหิน,676.94
2023,ปลาหมอเทกซัสแดง,661.127
2023,ปลาเซลฟินยักษ์,659.0
2023,หอยกาบลาย,656.618
2023,ปลากระทุงเหวเมือง,649.745
2023,ปลาเชอรี่บาร์ป,640.24
2023,ปลาวาเรียตัส,634.076
2023,ปลากรายอินเดีย,622.164
2023,หอยแอปเปิ้ล,610.42
2023,ปลาหมอแจ็กเดมป์ซีย์,603.271
2023,ปลาช่อนพม่า,600.04
2023,ปลาปักเป้าวงแดง,599.0
2023,ปลาหมอฟรอนโตซ่า,598.307
2023,ปลากระโทงร่ม,596.0
2023,ปลาบิเซียร์,590.254
2023,หอยตะโกรมกรามขาว,590.0
2023,ปลาหมูค้อ,589.142
2023,ปลาหมอเซวารุ่ม,583.094
2023,สาหร่ายคลอเรลล่า,573.0
2023,ปลาจิ้มฟันจระเข้แคระ,565.656
2023,ปลาเปคูแดง,558.818
2023,ปลาหมอสีไต้หวันรีฟ,558.311
2023,ปลาม้า,552.763
2023,ปลาเตตร้า,549.615
2023,ปลาหลดภูเขา,545.259
2023,กั้งกระดาน,545.0
2023,ปลากระทิงไฟ,539.726
2023,ปลาหมอมาลาวีน้ำเงินคอแดง,539.62
2023,ปลาหมอฟลามิงโก้,533.217
2023,ปลาค้อ,529.394
2023,ปลาเซอร์เป้เตตร้า,527.2
2023,ปลาปักเป้าเขียว,524.0
2023,ปลาหมอสีมิโลโม่,515.664
2023,ปลาอินซีเน็ต,489.20799999999997
2023,ปลาหางไก่,463.95
2023,ปลาจระเข้อะลิเกเตอร์,461.678
2023,ปลาหมออิสตันบลูโจฮานนี่,449.002
2023,ปลาพลวงหิน,446.057
2023,ปลานีออนดำ,445.117
2023,ปลาคองโกเตตร้า,424.154
2023,ปลากัดป่า,422.072
2023,ปลาบ้า,404.52
2023,ปลาค้อหางส้ม,395.9
2023,ปลาบาร์บ,391.0
2023,ปลามองคัวเซีย,388.895
2023,ปลาปักเป้าทอง,384.602
2023,ปูม้าก้ามดาบ,378.0
2023,ปลาติดหิน,371.346
2023,ปลาเสือตอ,367.801
2023,ปลาหมอจีเวล,365.58
2023,ปลาหมอมานาเกวนเซ่,365.236
2023,ปลาหมอโพลีนี่,359.284
2023,ปลาฟอกเทล,356.3
2023,ปลาแบล็คแฟนทอม,355.108
2023,ปลากัดป่าภาคใต้,350.544
2023,ปลารอสตราตัส,345.398
2023,ปลาเตตร้ากระโดงเงิน,340.288
2023,ปลากะพงลาย,339.999
2023,จระเข้ไคแมน,336.927
2023,ตะพาบน้ำไต้หวัน,336.089
2023,ปลาแป้นยักษ์,333.0
2023,ปลาออสเซราลิส,332.061
2023,ปลาค้อเชียงตุง,328.508
2023,ปลาเวียน,327.518
2023,ปลาซิวซับวา,326.0
2023,ปลาซิลเวอร์ดอลล่า,325.446
2023,ปลาหมอสีโลมา,322.676
2023,ปลาคิลลี่,314.174
2023,ปลาซิวควาย,301.17
2023,ปลาหมออาร์เจนเตีย,295.136
2023,ปลากระโทงแทงสีน้ำเงิน,294.0
2023,ปลาไวท์คลาวด์,288.469
2023,จระเข้แม่น้ำไนล์,287.832
2023,ปลาโรซี่บาร์บ,280.2
2023,ปลาเตตตร้า,276.635
2023,ปลาเพนกวินเตตร้า,275.067
2023,ปลาอีกอง,274.0
2023,ปลาซิวข้างเหลือง,272.9
2023,ปลาหมูลายเสือสาละวิน,270.862
2023,ปลาเสือพ่นน้ำเกล็ดถี่,268.549
2023,ปลาปักเป้าควาย,264.42
2023,ปลาปักเป้าแคระ,256.941
2023,ปลาหมอไนเยอร์เรอร์,255.219
2023,ปลาหมอคอนวิค,254.751
2023,ปลาแค้ติดหิน,254.5
2023,ปลาเรนโบว์แดง,253.986
2023,ปลาบู่แก้ว,248.6
2023,ปลาดินสอ,247.4
2023,ปลากระดี่มุก,244.358
2023,ปลาตับเต่า,244.14
2023,ปลาปักเป้าทองแดง,242.0
2023,ปลาอะโรวาน่า,241.226
2023,ปลาตะเพียนแคระ,226.494
2023,ปลาบาร์บทอง,222.623
2023,ปลาจิ้มฟันจระเข้ยักษ์,220.16
2023,ปลาโกลว์ไลท์,213.959
2023,ปลาหมอคาร์โบ,213.52100000000002
2023,ปลาอะโรวาน่าออสเตรเลีย,209.95
2023,ปลาหมูสัก,207.0
2023,ปลางวงช้าง,203.1
2023,ปลาหมูปล้องลาย,199.05
2023,ปลากระเบนธง,194.0
2023,ปลาเอ็มเพอเรอร์เตตร้า,190.2
2023,หอยทากเปียโน,190.0
2023,ปลาโกล์ดเด้นท์บาร์บ,182.228
2023,ปลิงน้ำจืด,180.64
2023,ปลาชะโอน,179.5
2023,ปลาแมวกระโดงสูง,175.92000000000002
2023,ปลาผีเสื้อน้ำจืด,175.655
2023,ปลาซิลเวอร์สแกต,175.03
2023,ปลาเรนโบว์หางยาว,172.8
2023,ปลายอดม่วง,172.3
2023,ปลาซิวแคระ,170.553
2023,ปลากดดำ,170.018
2023,ปลาดุกหนามดำ,167.53300000000002
2023,ปลาไหลช่อ,167.421
2023,ปลาบู่แคระ,165.0
2023,ปลาเรนโบว์เกอทูเด้,162.75
2023,หอยเขา,159.12
2023,ปลาขยุย,158.0
2023,ปลาบลีดดิงฮาร์ทเตตร้า,155.15
2023,ปลาอมไข่,154.768
2023,ปลาช่อนงูเห่า,154.21
2023,หอยกาบ,153.94
2023,ปูอลาสก้า,153.19
2023,ปลาคราวน์เตตร้า,151.0
2023,ปลาหมอสีเตตร้า,144.7
2023,ปลาเจมฟิช,144.0
2023,ปลาแลมป์อาย,141.0
2023,ปลาเสือหกขีด,139.0
2023,ปลาจิ้มฟันจระเข้,138.0
2023,ปลานีออนเขียว,135.506
2023,สาหร่ายคอนบุ,134.1
2023,ปลาแบล็ครูบี้,134.004
2023,ปลาพิงค์เทล,132.679
2023,ปลาพริสเทลล่า,132.35
2023,ปลาหมูภูเขา,131.0
2023,ปลากระสูบขีด,130.0
2023,ปลาหมอโทรเฟียส,126.62
2023,ปลิงทะเลลูกบอล,125.0
2023,ปลาซิวหนวด,124.0
2023,ปลาพลวงชมพู,124.0
2023,ปลาปักเป้าขน,122.563
2023,ปลาเก๋าถ่าน,120.5
2023,ปลาขี้ตังเบ็ด,119.5
2023,ปลาตีน,115.0
2023,ปลาบรัดฟิน,109.0
2023,ปลาหมูลายเสือ,106.3
2023,ปลาฉลามหนู,105.72
2023,ปลาหมูม้าลาย,104.006
2023,ปลาค้อเกาะช้าง,104.0
2023,ปลาซิวแถบทอง,103.0
2023,ปลากดกลับหัวพม่า,101.101
2023,ปลากระเบนหัวแหลม,100.0
2023,ปลาอะราไพม่า,100.0
2023,ไรแดง,100.0
2023,ปลาแขยงหนู,98.826
2023,ปลาเพียว,98.57300000000001
2023,ปลาตะเพียนหางจุด,97.9
2023,ปลาหมูแดง,97.0
2023,ปลาตาเหลือก,96.549
2023,ปลาคางเบือน,95.5
2023,ปลาคิลลี่ฟิชราโชวี่อาย,94.53999999999999
2023,ปลาแมว,94.531
2023,ไรน้ำ,92.32
2023,งูงวงช้าง,92.0
2023,ปลารีดฟิช,91.03
2023,ปลาหมอ,88.625
2023,ปลาปล้องอ้อย,85.06
2023,ปลาหมอสีไซโซ,85.0
2023,ปลาน้ำหมึก,82.68
2023,ปลาซีบร้าไทเกอร์,81.3
2023,ปลากระสง,81.175
2023,ปลาหมอเพอร์ซี่,77.0
2023,ปลาดินสอแดง,74.64
2023,ปลาเรดแพมทอม,73.15
2023,ปลาแรดแดง,71.994
2023,ปลากระดี่ช็อคโกแล็ต,71.0
2023,ปลากด,70.87899999999999
2023,ปลากะพงเหลือง,70.0
2023,ปลาสะนาก,69.07000000000001
2023,ปลาหูช้าง,67.0
2023,ปลาปีกไก่,66.4
2023,ปลาหมอเรกานี่,66.283
2023,ปลาหมอแรมโบลิเวีย,66.156
2023,ปลาตะเพียนม้าลาย,66.0
2023,ปลาตะเพียนหางธง,64.681
2023,ปลาช่อนงูเห่าอินเดีย,63.087
2023,ปลาช่อนทองลายบั้ง,62.17
2023,ปลาพลวง,62.024
2023,ปลาบู่ทราย,62.0
2023,ปลาผีเสื้อ,61.828
2023,ปลาหนวดพราหมณ์,61.0
2023,แมลงดานา,60.339999999999996
2023,เต่าญี่ปุ่น,59.17
2023,ปลาขาไก่,59.0
2023,ปลาค้อหางแดง,58.6
2023,ปลาหมอสุรินัมเอนสิส,54.921
2023,ปลาเรดบิลลี่บลัดฟิน,54.594
2023,ปลาพิ้งค์เทล,53.0
2023,ปูก้ามดาบ,53.0
2023,ปลาสายทอง,52.9
2023,ปลาแปซิฟิกบลูอาย,51.092999999999996
2023,ปลาปักเป้าฟาฮากา,50.644
2023,ปลาซิวข้างขวานใญ่,50.15
2023,กุ้งสแคมปิ,50.0
2023,ปลาการ์ตูนลูกผสม,50.0
2023,ปลาเก๋าเสือ,50.0
2023,ปลาไส้ตันตาแดง,50.0
2023,ปลาแขยงดานดำ,49.202
2023,ปลาเอมเพอเรอร์,47.5
2023,ปลาเค้าดำ,47.0
2023,ปลาเข็มงวง,46.06
2023,ปลาซิวสมพงษ์,46.0
2023,ปลาแปป,46.0
2023,ปลาซิวข้าวสารแม่โขง,45.5
2023,ปลาพิคตัสแคทฟิช,45.198
2023,ปลาหมอกล้วยหอมเหลือง,44.499
2023,ปลาช่อนบาร์กา,44.0
2023,ปลาแก้มช้ำพม่า,43.0
2023,ปลาไชน่าซีโก้,43.0
2023,สาหร่ายเซลล์เดียว,42.948
2023,ปลาซิวครีบแดง,42.66
2023,ปลาปักเป้าจุด,42.105000000000004
2023,ปลากัดช้าง,42.0
2023,ปลาซิวอินเล,42.0
2023,ปลาปักเป้าท้องตาข่าย,42.0
2023,ปลาถ้ำ,41.0
2023,ปลาเคร่าเดดี้,41.0
2023,ปลาซิวใบไผ่เล็ก,40.0
2023,ปู,40.0
2023,ปลาหมอแรมแดง,38.649
2023,ปลาแซนด์แลนซ์,37.05
2023,ปลาซิวใบไผ่เขียว,36.0
2023,ปลาเก๋าแดง,36.0
2023,ปลาซิวหน้าแดง,35.5
2023,ปลาหมออัฟราคาจินโด,35.203
2023,ปลาเผาะ,35.03
2023,ปลาโมง,35.0
2023,ปลาบึก,34.1
2023,งูไซ,34.0
2023,ปลากะพงทับทิม,34.0
2023,ปลาการ์ตูนเพอร์คูล่า,32.05
2023,ปลาคลาวน์คิลลี่ฟิช,32.0
2023,ปลาผีเสื้อติดหินน่าน,32.0
2023,ปลาเชคเกอร์บาร์บ,32.0
2023,ปลาเสือดำ,32.0
2023,ปลาดาบลาว,31.86
2023,ปลาน้ำเงิน,31.63
2023,ปลาบาดิซ,31.1
2023,ปลาหมอโธร่า,31.036
2023,ปลาช่อนดำ,31.0
2023,ปลาดุกลำพัน,31.0
2023,ปลาไนเจอร์โอรีโอดำ,30.55
2023,ปลาหมูหางจุด,30.0
2023,ปลาหางยาว,30.0
2023,ปลาอุก,30.0
2023,ปลาค้ออกลาย,28.0
2023,ปลาหลดม้าลาย,27.119999999999997
2023,ปลาโรซี่เตตร้า,27.0
2023,ปลาปักเป้าตาแดง,26.46
2023,ปลาสะตือ,26.0
2023,ปลาคอมเมอร์เดียนเตตร้า,25.5
2023,ปลาหลดหางแฉก,25.240000000000002
2023,ปลาค้อลายเสือหางแดง,25.0
2023,ปลาจวดเหลือง,25.0
2023,ปลาหมอแรมโพโรกัสเต็ดตร้า,25.0
2023,ปลาแดงน้อย,25.0
2023,สาหร่ายยูซิวมา,25.0
2023,ปลาจระเข้ฟอริด้า,23.841
2023,ปลาอับไซด์ดาว,23.672
2023,ปลากดแก้ว,23.5
2023,ปลาแบล็คโทส,23.46
2023,ปลาหมอสีไลออนเฮด,22.021
2023,ปลากะรังหน้างอน,22.0
2023,ปลาค้อลาย,22.0
2023,ปลาแค้ขี้หมู,22.0
2023,ปลาไหล,22.0
2023,ปูแสมภูเขา,21.37
2023,ปลาขวานเงิน,21.0
2023,ปลาเข็มแม่น้ำ,21.0
2023,ปลาหมอเทเมนซิส,20.25
2023,ปลากดหมู,20.0
2023,ปลาดุกยักษ์ราฟาเอล,20.0
2023,ปลามังกรทะเลใบหญ้า,20.0
2023,ปลาสลิดหินเขียว,20.0
2023,ปลาบิเชียร์ลายบั้ง,19.0
2023,ปลาหางบ่วง,18.0
2023,ปลาหมอฮองเต้,17.058999999999997
2023,ปลาแค้แคระ,17.0
2023,ปลากะพงดำ,16.5
2023,ปลาแมวร้องไห้,16.398
2023,กุ้งดีดขัน,16.0
2023,ปลากริมแรด,16.0
2023,ปลาแขยงนวล,16.0
2023,ปลาหมูพม่า,15.943999999999999
2023,สาหร่ายสไปรูลิน่า,15.85
2023,ปลาซิวหางกรรไกรแคระ,15.0
2023,ปลาสลิดหิน,15.0
2023,ปลาสายทองแถบดำ,15.0
2023,ปลาเพรียว,15.0
2023,ปลาแมวลาย,15.0
2023,ปลาหนวดแมว,14.347
2023,เปลือกหอยสังข์,14.2
2023,ปลากะแมะ,14.0
2023,ปลาลิ้นหมาน้ำจืด,13.9
2023,ปลาไหลมอเรย์,13.4
2023,ปลาสเตอร์เจียน,13.299999999999999
2023,ปลาหมอเรดซัมบร่า,13.0
2023,ปลาหมูลายคู่,12.985
2023,ปลาเปคู,12.4
2023,ปลาคุกคู,12.0
2023,ปลาหมูจุด,11.254999999999999
2023,ปลาซิวเขียวกระโดงดำ,11.0
2023,ปลาดุกตั๊กแตน,11.0
2023,ปลาแบล็คบาร์เรดฮุก,11.0
2023,ปลากระมังครีบสูง,10.559
2023,ปลาเสือหกแถบ,10.25
2023,ปลาปอดแอฟริกา,10.006
2023,ปลาการ์,10.0
2023,ปลาจาด,10.0
2023,ปลาจูบ,10.0
2023,ปลาช่อนข้าหลวง,10.0
2023,ปลาช่อนจุด,10.0
2023,ปลาซิวใบไผ่อันนาเดล,10.0
2023,ปลาบู่โคบอล,10.0
2023,ปลาปักเป้าหางแดงพม่า,10.0
2023,ปลาหมอซาวานี่,10.0
2023,ปลาหมูดาริโอ,10.0
2023,ปลาหว้าหน้านอ,10.0
2023,ปลาอะโรวาน่าแอฟริกา,10.0
2023,ปลาเรดไซเนอร์,10.0
2023,ปลาเสือห้าแถบ,10.0
2023,ปลาแก้มช้ำ,10.0
2023,ปลาแบลคเทลไซเนอร์,10.0
2023,ปลาแปบ,10.0
2023,ปลาแปบควายอาร์ม็อง,10.0
2023,หอยไม้ไผ่,10.0
2023,ปลามัลเลียการ์รา,8.158
2023,ปลาดัก,8.0
2023,ปูมะพร้าว,8.0
2023,ปูแสมก้ามแดง,8.0
2023,ปลาฉลามไม้ไผ่,7.87
2023,ปลากระโห้อินเดีย,7.0
2023,ปลากระทุงเหว,6.5
2023,ปลาค้อมัศยะ,6.378
2023,ปลานกแก้วแดง,6.0
2023,ปลาปักเป้าตุ๊กแก,6.0
2023,ปลาเลียหินหางแดง,6.0
2023,ปลากล้วย,5.0
2023,ปลาแขยงธง,5.0
2023,ปูแมงมุมยักษ์,5.0
2023,ปลาเฮดสแตนเดอร์,4.03
2023,ดาวฟ้า,4.0
2023,ปลาแมงป่อง,3.6
2023,ปลาแค้ติดหินสามแถบ,3.241
2023,หอยพิม,3.04
2023,ปลาซิวเจ้าฟ้า,3.0
2023,ปลานกแก้วน้ำเงิน,3.0
2023,ปลาบัมเบิลบีแคทฟิช,3.0
2023,ปลาซีราเวน,2.8
2023,ปลามังกรญี่ปุ่น,2.6399999999999997
2023,ปลาบิเชียร์จุด,2.6
2023,ปลาโลมาน้ำจืด,2.5300000000000002
2023,ปลาเด็มเซลท้องเหลือง,2.094
2023,ปลาซิวสอบวา,2.0
2023,ปลาบู่จากลายแถบ,2.0
2023,ปลาอะโรวาน่าดำ,2.0
2023,ปลาแขยงภูเขา,2.0
2023,ปลาเมี้ยน,1.8
2023,กบหนอง,1.58
2023,หอยทากทะเล,1.57
2023,กุ้งหวาน,1.13
2023,ปลาพีค็อกแบส,1.13
2023,ปลาแอตแลนติกทาร์ปอน,1.108
2023,สาหร่ายผมนาง,1.04
2023,ปลาคางคก,1.0
2023,ปลาจิ้มฟันจระเข้เขียว,1.0
2023,ปลาช่อนเข็ม,1.0
2023,ปลาบู่ปากแดง,1.0
2023,ปลาบู่หนอน,1.0
2023,ปลาบู่หน้าผี,1.0
2023,ปลามะไฟ,1.0
2023,ปลาลิ้นหมากลม,1.0
2023,ปลาสลิดหินน้ำผึ้ง,1.0
2023,ปูขน,1.0
2023,สาหร่ายเอโอโนริ,1.0
2023,หอยสังข์แดง,1.0
2023,ปลาการ์ตูนดำขาว,0.9299999999999999
2023,กบไวท์,0.8
2023,ปลาใบขนุน,0.8
2023,ปลาค้อแถบดำ,0.3
2023,ปลาเรดฮุก,0.3
2023,ปลาแรดเขี้ยว,0.275
2023,ปลาการ์ตูนส้มขาว,0.24
2023,ปลาบู่กินตะไคร่,0.21
2023,ปลาหมอมาคูแลตัส,0.21
2023,ปูเรนโบว์,0.12
2023,ปลาแมนดารินสกู๊ตเตอร์,0.108
2023,ปลาบู่นีออน,0.09
2023,ปลาข้างตะเภา,0.03
2023,ปลาซิวสายรุ้ง,0.03
2023,ปลากระเบนลายเสือดาว,0.015
2023,ปลาหมอไพค์,0.006
2023,ม้าน้ำท้องป่อง,0.002
2024,ปลาทูน่าท้องแถบ,481628277.293
2024,กุ้งขาว,116161330.905
2024,ปลาทูน่าครีบเหลือง,108097790.572
2024,ปลาทรายแดง,84345795.194
2024,ปลากะตัก,80825396.536
2024,ปลาทูน่าครีบยาว,58718570.486999996
2024,ปลาแป้น,55835165.985
2024,ปลาซาร์ดีน,53556586.989
2024,ปลาหลังเขียว,41170203.638
2024,ปลาหมึกกล้วย,26266964.765
2024,หอยนางรม,25736694.026
2024,ปลาซาบะ,17955272.753
2024,ปลาโอดำ,16713886.43
2024,ปลาแซลมอน,15974469.398
2024,ปลาดาบเงิน,14962863.21
2024,กุ้งกุลาดำ,13298506.929
2024,ปลาตาหวาน,12030311.182
2024,ปลาอลาสก้าโพล็อค,11461048.166
2024,ปลาทูแขก,11116457.07
2024,หอยลาย,10751644.46
2024,ปลายี่สกเทศ,10464838.67
2024,ปลาสวาย,8969250.613
2024,ปลาหางแข็ง,8543056.17
2024,ปลานิล,8535676.959
2024,ปลาทูลัง,8275163.761
2024,ปลาหมึกกระดอง,8254660.26
2024,กุ้งก้ามกราม,7446433.943
2024,ปลาปากคม,6190131.579
2024,ปลาสีกุน,5869010.039
2024,ปลาทูน่าตาโต,5635710.99
2024,ปลาหมึกสาย,5633832.3
2024,ปลาสร้อยขาว,4822707.81
2024,ปลาทูแขกครีบยาว,4735615.87
2024,ปลาทูสั้น,4400780.66
2024,แมงกะพรุน,4233544.1
2024,หอยเชลล์,4015376.342
2024,สาหร่ายทะเล,3853831.609
2024,กุ้งแดง,3839627.214
2024,หอยตลับ,3801954.51
2024,ปลาสีกุนข้างเหลือง,3626871.68
2024,ปลาทูน่าโบนิโต,3440006.576
2024,ปลาแมคเคอเรล,3039831.348
2024,ปลาลิ้นหมา,2683517.475
2024,ปลายอดจาก,2511645.359
2024,ปลาวัว,2441848.5
2024,ปลาหมึกกล้วยยักษ์,2412501.852
2024,ปลาจวด,2407775.289
2024,ปูจั๊กจั่น,2194618.6
2024,ปลาอินทรี,2102671.648
2024,ปลาโอลาย,2069876.05
2024,แมงกะพรุนหนัง,2045357.0
2024,ปูทะเล,2038024.471
2024,ปลาโอหลอด,2007155.24
2024,ปลาแฮดด็อก,1805733.6099999999
2024,ปลายี่สกไทย,1661430.0
2024,ปลากระดี่,1656182.669
2024,ปลาสีกุนตาพอง,1652743.418
2024,ปลาหนวดฤาษี,1609606.766
2024,ปลาหางแข็งบั้ง,1511700.888
2024,ปลาดุกแอฟริกา,1360330.8
2024,เคย,1352684.418
2024,กุ้งโอคักเล็ก,1302615.0
2024,ปลาค็อด,1262503.35
2024,ปลาไข่,1241373.974
2024,ปลาลิ่น,1239959.6
2024,ปลาตาโต,1236984.8
2024,ปลาจะละเม็ดดำ,1233152.756
2024,ปลากะพงขาว,1183441.913
2024,หอยแครง,1094336.326
2024,ปูม้า,1013949.975
2024,หอยเตาะ,1001000.0
2024,ปลาเทราต์,970128.3
2024,ปลาสลิด,907600.11
2024,ปลาชะโด,879574.455
2024,ปลาสลิดทะเล,872025.794
2024,ปลาริวกิว,805568.03
2024,ปลาหมึกยักษ์,800290.69
2024,ปลาหัวแบน,787560.0
2024,ปลาทราย,777733.128
2024,ปลาหางเหลือง,764443.366
2024,ปลาเป็ด,692000.0
2024,ปลาหมึกหอม,649600.09
2024,กบนา,642129.75
2024,ปลากะพงข้างเหลือง,641423.2
2024,ปลาเฮก,630326.31
2024,กั้งตั๊กแตน,619689.522
2024,ปลาตะเพียน,570332.941
2024,ปลานวลจันทร์เทศ,523016.15
2024,ปลากะมงพร้าว,522362.0
2024,ปลาไน,519745.8
2024,ปลาไส้ตัน,511904.8
2024,ปลาจะละเม็ด,481044.15
2024,ปลาบลูไวทิง,453244.51
2024,หอยปากเป็ด,453000.0
2024,ปลาหมอไทย,449415.714
2024,ปลาแป้นแถบ,441348.31
2024,ปลาหมูสี,415301.586
2024,ปลาซันมะ,409260.18
2024,ปลาเฮอร์ริง,351653.67
2024,หอยแมลงภู่,345555.336
2024,ปลาเก๋า,342792.458
2024,ปลาสาก,313354.115
2024,ปลากะพงแดง,301250.295
2024,หอยจุ๊บแจง,298810.0
2024,ปลาโฮกิ,298140.9
2024,ปลาดอกหมากครีบยาว,276136.155
2024,อาร์ทีเมีย,268810.01
2024,จระเข้น้ำจืด,268087.661
2024,หอยพอก,266705.0
2024,หอยมุกจาน,262444.0
2024,กุ้งมังกร,251805.27
2024,ปลาทับทิม,249503.0
2024,ปลาสร้อยนกเขาทะเล,249015.04
2024,ปลาตูหนา,243652.78
2024,ปลาซ่ง,236083.58
2024,ปลากัด,226854.484
2024,กุ้งตะกาด,223496.016
2024,ปลาหมอเทศ,207814.0
2024,กุ้งคิดดิ,199472.084
2024,สาหร่ายฮิจิกิ,191716.8
2024,ปลากระเบน,183438.85
2024,ปลาฮาลิบัท,167486.83
2024,ปลาสีกุนหน้านวล,157405.0
2024,ปลาแดง,156749.14
2024,กุ้งแชบ๊วย,156740.64
2024,ปลาซิวแก้ว,151188.32
2024,ปลาดุกอุย,148309.29
2024,ปลาช่อน,147659.585
2024,ปลาไหลทะเล,147482.46
2024,กุ้ง,143026.6
2024,ปลาดุกบิ๊กอุย,141359.202
2024,สาหร่ายวากาเมะ,135736.05
2024,กุ้งตะกาดหางแดง,134934.34
2024,กุ้งทราย,134074.52
2024,ปลานวลจันทร์น้ำจืด,123111.7
2024,ปลากระทุงเหว,122940.039
2024,หอยหวาน,120402.02
2024,ปลาบู่,119440.177
2024,ปลาเรดซีบรีม,117940.37
2024,กุ้งโอคักใหญ่,114938.0
2024,ปลาตะเพียนน้ำเค็ม,113150.31
2024,ปลากระทุงเหวแม่หม้าย,112506.08
2024,ปลานวลจันทร์ทะเล,112348.95
2024,ปลาแจคแมคเคอเรล,102665.79
2024,ปลาทู,102391.5
2024,ปลาฮอชแมคเคอเรล,101644.6
2024,ปลาจะละเม็ดเทา,90511.0
2024,กุ้งชมพู,89093.231
2024,ปลาจะละเม็ดขาว,87665.0
2024,หอยพระจันทร์ลายจุด,83077.0
2024,กุ้งติติ,80640.0
2024,หอยถ่าน,79659.766
2024,ปลาทูน่า,78842.44
2024,ปูหิมะ,77750.406
2024,ปลาหางควาย,76642.737
2024,ปลากะพงข้างปาน,76620.5
2024,ปลาสังกะวาด,75694.94
2024,ปลาหมู,75395.481
2024,ปลากระโทงแทง,75289.41
2024,ปลิงทะเล,75126.836
2024,หอยปีกนก,74853.72
2024,ปลาดอกหมากกระโดง,73470.048
2024,ปลาหางนกยูง,67674.746
2024,ปลาช่อนทะเล,67654.65
2024,กุ้งตะกาดกรีจุด,66583.284
2024,ปลากราย,64811.196
2024,ปลาทรายขาว,60911.301
2024,ปลานิลแดง,58287.1
2024,ปลาแอทคาแมคเคอเรล,57494.8701
2024,หอยซิจิมิ,56940.0
2024,ปลาแป้นแก้ว,54326.56
2024,หอยจอบ,52481.233
2024,กุ้งทะเล,50387.0
2024,กุ้งเชอรี่,49776.454
2024,ปลาตะลุมพุก,49067.799999999996
2024,ปลาโอขาว,47377.536
2024,ปลากะพงแสม,46557.572
2024,กุ้งน้ำตาล,44231.479
2024,ปลาสแปรต,44150.46
2024,ปลากุเรา,42287.03
2024,ปลาทอง,41828.412
2024,ปลาเปคูแดง,41752.729
2024,ปลานกกระจอก,41610.0
2024,ปลาหิมะ,41604.7
2024,ปลาแขยงข้างลาย,38973.54
2024,กุ้งเหลืองหางฟ้า,37398.0
2024,ปลาเค้าขาว,37049.263
2024,ปลากะรังดอกแดง,36893.737
2024,ปลาหมอมาลาวี,36574.625
2024,ปลาลูกผึ้ง,34827.309
2024,ปลาสอด,34424.222
2024,กุ้งลอบสเตอร์,31723.239999999998
2024,ปลาเหลืองโพรง,28425.0
2024,ปลาหมอสี,27588.529
2024,ปลากดหัวเสียม,26982.045
2024,ปลาสีเงินใหญ่,26925.0
2024,ปลาร็อคฟิช,24321.084
2024,ปูลาย,23926.6
2024,กุ้งกุลาลาย,23412.64
2024,ปลาจานแดง,23380.0
2024,ปลาแมวหนวดยาว,23360.466
2024,ปลาจิ้งจอก,23229.32
2024,ปลาสลาด,23112.8
2024,ปลาหางไหม้,22803.602
2024,ปูนา,22556.41
2024,ปลากระดี่หม้อ,22235.675
2024,ปลาเนื้ออ่อน,21987.25
2024,ปลาออสการ์,21842.95
2024,ปลาสีขน,21130.0
2024,ปลาสีเงินปรุงแต่ง,21125.0
2024,ปลากดหัวแข็ง,20461.0
2024,ปลาซัคเกอร์,19374.437
2024,ปลาซิลเวอร์แวร์ฮู,18915.06
2024,ปลาอินทรีจุด,18161.0
2024,กุ้งมังกรเขียว,17853.7
2024,ปลาหมึกไดมอนด์,17849.0
2024,ปลาสีเงิน,17654.0
2024,หอยหมาก,17446.0
2024,ปลาไหลนา,17161.946
2024,ปลากระเบนแมลงวัน,17076.8
2024,กุ้งตะกาดกรีดำ,16856.0
2024,ปลากระดี่นาง,16628.07
2024,ปลาทรายขาวหูแดง,16458.6
2024,ปลาแปซิฟิกโอเชี่ยนเพิร์ซ,16446.92
2024,ปลาก้างพระร่วง,16302.507
2024,หอยหลอด,15806.0
2024,ปลากาแดง,15153.387
2024,ปลาแบล็คซีบรีม,15135.0
2024,ปลากดเหลือง,14915.5
2024,ปลากะมง,14625.0
2024,ปลากดคัง,14581.5
2024,กุ้งฝอย,14523.35
2024,จระเข้น้ำเค็ม,13770.012
2024,หอยโข่งน้ำจืด,13734.676
2024,ปลาซีบรีม,13424.08
2024,หอยคัวฮก,13265.6
2024,ปลาใบขนุน,13178.73
2024,ปลาทรายแดงใหญ่,12500.0
2024,ปลาไวโอเล็ตแวร์ฮู,12283.0
2024,ปลาข้างตะเภา,12276.078
2024,ปลาคาร์พ,12136.009
2024,ปลาทูปากจิ้งจก,11618.515
2024,ปลาแบล็คโทส,11543.14
2024,ปลาสลิดหิน,11462.809000000001
2024,ปลาดุกด้าน,11148.851999999999
2024,ปูหิน,10855.272
2024,ปลาโฉมงาม,10775.621
2024,ปลาหลังเขียวกลม,10700.0
2024,ปลาทรงเครื่อง,10506.806
2024,ปลาทูน่าใต้,10505.5
2024,ปลาแบล็กเบลลีโรสฟิช,10200.0
2024,หอยเชอรี่,10086.99
2024,โคพีพอด,10010.0
2024,หอยกินหอย,10006.324
2024,ปลาปอมปาดัวร์,9837.545
2024,ปลาใบปอ,9743.0
2024,จระเข้อัลลิเกเตอร์,9633.509
2024,หอยทาก,9290.444
2024,เพรียงทราย,9010.0
2024,ปลาเทวดา,8891.129
2024,กุ้งแรด,8803.548
2024,ปลาเข็ม,8452.923
2024,ปลาเฉา,8046.0
2024,ปลาหมอกล้วยหอม,7968.476
2024,ปลาคลุด,7942.5
2024,ปลากะพง,7763.6
2024,ปลากระดี่แดง,7713.074
2024,ปลากดทะเล,7559.93
2024,ปลาคูลี่,7468.501
2024,ปลากะมงขาว,7251.5
2024,ปลาแป้นพระจันทร์,7010.5
2024,กบบูลฟร็อก,6990.0
2024,ปลาปักเป้าจุดดำ,6931.924
2024,ปลาเทราต์ทะเล,6864.0
2024,ปลาอีโต้มอญ,6761.68
2024,ปลาหมูปากีสถาน,6739.825
2024,หอยหน้ายักษ์,6506.0
2024,ปลาเสือเยอรมัน,6480.534
2024,ปลาเล็บมือนาง,6345.003
2024,ปลาสำลีญี่ปุ่น,6090.0
2024,หอยขม,6002.316
2024,ปลาหมอฟลาวเวอร์ฮอร์น,5987.662
2024,ปลากริม,5844.508
2024,หอย,5777.2
2024,ปลาซิวข้างขวานเล็ก,5759.883
2024,ปลาแรด,5685.448
2024,ปูแสม,5625.054
2024,ปลาบู่หมาจู,5575.544
2024,ปลากระเบนโปลกาด๊อท,5533.298
2024,หอยตะเภา,5472.0
2024,ปลาฉลามสีน้ำเงิน,5290.7
2024,ปลาเสือพ่นน้ำ,5242.233
2024,ปลาเรดเทลแคทฟิช,5203.41
2024,ปลาซิวตาเขียว,5078.248
2024,ปูดาว,4971.79
2024,ปลาฮาลิบัทญี่ปุ่น,4956.3
2024,กุ้งเครย์ฟิช,4885.372
2024,ปลากระดี่แคระ,4838.538
2024,ปลาฉลาม,4801.0
2024,ปลากาดำ,4767.27
2024,ปลาจอห์นดอรี่,4765.0
2024,ปลาซิวข้าวสาร,4614.98
2024,ปลาซิวอ้าว,4564.79
2024,ปลาซิวข้างขวาน,4527.522
2024,ปลาหลดจุด,4524.059
2024,กุ้งลายเสือ,4309.02
2024,ปลาไส้ตันตาขาว,4284.0
2024,หอยมะระ,4275.095
2024,ปลาจีด,4240.0
2024,ปลาฉลามครีบดำ,4141.6
2024,หอยเป๋าฮื้อ,4130.08
2024,ปลาหมอนกแก้ว,4049.023
2024,ปลาเฉี่ยว,4016.932
2024,ปลาปักเป้าซีลอน,3923.351
2024,ปูแดง,3898.0
2024,ปลากระเบนโมโตโร่,3869.811
2024,ปลาเทพา,3716.293
2024,ปลาซิว,3698.373
2024,กุ้งคาร์ดินัล,3657.15
2024,จระเข้แม่น้ำไนล์,3631.7769999999996
2024,ปลาหมอบลูดอลฟิน,3631.389
2024,ปลาหมอวีนัส,3579.1337
2024,ตะพาบ,3573.0
2024,ปลาดอรี่,3568.0
2024,ปลาเสือตอลายเล็ก,3420.979
2024,ปลากะพงแดงข้างแถว,3380.0
2024,ปลาหมูลายเมฆ,3284.808
2024,ปลานีออน,3279.141
2024,ปลาหนวดยุ่ง,3235.41
2024,ปลาบิน,3224.54
2024,ปลาหมอแตงไทย,3211.169
2024,ปลาหมอจาขอบ,3208.897
2024,ปลากา,3120.0
2024,ปลาหัวตะกั่ว,3069.018
2024,ปลาอะโรวาน่าเงิน,3053.908
2024,ปลาเสือสุมาตรา,3051.353
2024,ปลาหมอดีมาสัน,3004.617
2024,ปลาซิวเพรชน้อย,2893.904
2024,ปลาหมอมาลาวีเหลือง,2814.936
2024,ปลาตะกรับ,2740.597
2024,ปลากระเบนชายธง,2648.2
2024,ปลาฉลามหนู,2615.0
2024,หอยมุกกัลปังหา,2610.0
2024,ปลารากกล้วย,2604.233
2024,ปลาตะโกก,2565.0
2024,สาหร่ายผักกาดทะเล,2556.66
2024,ปลาแป้นแก้วรังกา,2552.473
2024,ปลาแพะ,2492.666
2024,ปลาโรซี่,2430.591
2024,ปลาเทโพ,2400.716
2024,ปลาม้าลาย,2353.288
2024,ปลาหมออิเล็คทริกบลู,2255.068
2024,ปลาหมอตาล,2222.231
2024,ปลาคาร์ดินัล,2164.667
2024,ปลารัมมี่โนส,2157.299
2024,ปลาหมอแคระ,2138.958
2024,ปลาหมอสีคาดังโก,2130.644
2024,ปลากระทิงดำ,2093.123
2024,ปลาตะเพียนอินโดตาแดง,2069.194
2024,ปลาไนเจอร์โอรีโอดำ,2000.4
2024,ปลากะพงผี,2000.0
2024,ปลาตะเพียนทอง,1986.985
2024,ปลาแบล็คโกสท์,1951.724
2024,ปลาจิ้งจก,1943.536
2024,ปลาเม็ดขนุน,1940.0
2024,ปลากระทิง,1863.798
2024,ปลาแรมเยอรมัน,1835.605
2024,ปลาหมออาปาเซ่,1798.127
2024,ปลาซิวหนู,1780.669
2024,ปลาหมอไตรมาคู,1741.03
2024,ปลาเรนโบว์,1686.453
2024,ปลากั้ง,1683.83
2024,ปลาหมอริวูเลตัส,1658.991
2024,ปลากระแห,1621.242
2024,หอยม้าลายอินโด,1596.817
2024,ปลาหมูอินโด,1535.959
2024,ปลาปักเป้า,1523.757
2024,ปลาจิ้งจอกจีน,1512.279
2024,ปลากระเบนหางสั้น,1507.56
2024,หอยหมวกทหาร,1495.46
2024,ปลาซิวหางแดง,1491.49
2024,ปลาแป้นแก้วหน้ายาว,1482.502
2024,ปลาฟิงเกอร์,1477.696
2024,ปลาฉลามช้าง,1371.5
2024,ปลาชีเวลเลีย,1360.249
2024,ปลาการ่า,1322.741
2024,ปลาหมูหางแดง,1303.051
2024,ปลาจิ้มฟันจระเข้,1295.15
2024,ปลาซิวหลังจุด,1294.619
2024,หอยเจดีย์,1263.83
2024,ปลาหมูกระโดงสูง,1261.394
2024,ปลาซิวกาแล็คซี่,1230.448
2024,ปลากระบอก,1177.9189999999999
2024,ปลาซิวใบไผ่,1174.331
2024,ปูแมงมุมแคระ,1168.555
2024,ปลาหมอสีซูลู,1150.377
2024,ปลาแพะเขียว,1147.099
2024,ปลาโกล์วไลท์ดานิโอ,1135.225
2024,ปลาออตโต้,1105.025
2024,ปลาอะโรวาน่าออสเตรเลีย,1082.821
2024,ปลาสลิดทะเลแถบ,1070.352
2024,ปลาเตตร้า,1058.434
2024,ปลาหมูอารีย์,1037.0
2024,ปลาซิวหางกรรไกร,1025.761
2024,ปลากดทอง,1023.088
2024,จระเข้ไคแมน,1019.999
2024,ปลาหมอแซงแซว,1018.899
2024,หอยกาบน้ำจืด,1016.0
2024,หอยแอปเปิ้ล,984.63
2024,ปลาพาราไดซ์แดง,982.95
2024,ปลาแพะแพนด้า,977.397
2024,ปลาตองลาย,970.11
2024,หอยคราง,950.0
2024,ปลาเปคูดำ,925.678
2024,ปลาเวียน,923.047
2024,ปลากระทิงไฟ,918.8100000000001
2024,หอยกาบลาย,892.6
2024,ปลาตะเพียนอินเดีย,887.752
2024,ปลาจิ้มฟันจระเข้แคระ,881.0
2024,ปลาซิวข้างขวานโกลไลท์,861.193
2024,หอยม้าลาย,852.05
2024,ปลาหมอปากยาวน้ำเงิน,851.35
2024,ปลาไทเกอร์ซูเวลโนส,837.048
2024,ปลากะรังจุดฟ้า,819.0
2024,ปลากระทุงเหวเมือง,817.889
2024,ปลาบู่กล้วย,812.116
2024,ปลาจระเข้อะลิเกเตอร์,796.427
2024,สาหร่ายคลอเรลล่า,774.0
2024,ปลากะพงแดงเกล็ดห่าง,765.0
2024,ปลาซิวอีลิโทไมคอน,751.899
2024,ปลาหมอมาลาวีน้ำเงินคอแดง,751.0600000000001
2024,ปลาหมอสีไต้หวันรีฟ,748.966
2024,ปลาปักเป้าแคระ,744.254
2024,ปลาหมอสีอิเล็คทริกบลู,743.456
2024,ปลาแค้,720.564
2024,ปลากระดี่ปากหนา,720.02
2024,ปลาเอ็มเบอร์เตตร้า,718.423
2024,ปลาพลวงหิน,708.275
2024,ปลาเกล็ดถี่,703.4699999999999
2024,ปลาหมูปล้องลาย,702.0
2024,ปลาหมอฟลามิงโก้,696.116
2024,ปลาแขยงหิน,690.829
2024,ปลาเซลฟินยักษ์,682.0
2024,ปลาตะเพียนหน้าแดง,677.673
2024,ปลากัดป่าภาคใต้,653.44
2024,ปลาบ้า,653.41
2024,หอยตาวัว,650.117
2024,ปลาดุก,639.75
2024,ปลาสิงโต,639.376
2024,ปลาเสือสุมาตราป่า,633.149
2024,ปลาวาเรียตัส,619.038
2024,ปลาแป้นหัวโหนก,616.5
2024,ปลาเชอรี่บาร์ป,598.907
2024,หอยสังข์โมฬี,596.0
2024,ปลาหมอเทกซัสแดง,584.84
2024,ปลาหลดภูเขา,584.539
2024,ปลาจิ้มฟันจระเข้ยักษ์,570.616
2024,ปลาหมอไฟร์เมาท์,562.919
2024,ปลาตะพาก,548.451
2024,หอยสองฝา,544.582
2024,ปลาหมอเซวารุ่ม,538.965
2024,ปลาหมอแจ็กเดมป์ซีย์,525.082
2024,ปลาเตตร้ากระโดงเงิน,522.237
2024,ปลาอินซีเน็ต,515.671
2024,ปลานีออนดำ,514.14
2024,ปลาเซอร์เป้เตตร้า,514.069
2024,ปลากรายอินเดีย,511.761
2024,แมงดาจาน,502.504
2024,หอยโข่ง,500.0
2024,ปลาหมอสีมิโลโม่,488.911
2024,หอยสังข์,472.0
2024,ปลาบาร์บ,465.0
2024,ปลาบิเซียร์,462.76800000000003
2024,ปลากัดป่า,458.021
2024,ปลาหมอโพลีนี่,454.123
2024,ปลาหมูลายเสือสาละวิน,452.368
2024,ปลาช่อนเจ็ดสี,451.485
2024,ปลาหมูข้างลาย,440.348
2024,ปลาหมอฟรอนโตซ่า,438.376
2024,ปลาดอกหมาก,430.0
2024,ปลานีออนเขียว,429.507
2024,ปลาสีเสียด,425.57
2024,ปลาค้อหางส้ม,420.1
2024,หอยเขา,414.145
2024,ปลาเลียหิน,413.76
2024,ปลาหมูม้าลาย,412.7
2024,ปลาอะโรวาน่า,408.27
2024,ปลาค้อ,399.94
2024,ปลาปักเป้าเขียว,376.0
2024,ปลาหมอมานาเกวนเซ่,374.751
2024,ปลาช่อนพม่า,374.619
2024,ปลาหมออิสตันบลูโจฮานนี่,365.662
2024,ปลาแซลมอนออสเตรเลีย,365.5
2024,ปลาซิลเวอร์สแกต,358.181
2024,ปลาเตตตร้า,354.558
2024,ปลาหมออาร์เจนเตีย,352.771
2024,ปลาซิลเวอร์ดอลล่า,351.225
2024,แมงดาถ้วย,350.0
2024,ปลาบู่แคระ,349.67
2024,ปลากดกลับหัวพม่า,348.509
2024,เปลือกหอยตาวัว,347.0
2024,ปลาแป้นยักษ์,344.0
2024,ปลาคองโกเตตร้า,340.079
2024,ปลาแลมป์อาย,336.0
2024,กั้งกระดาน,335.2
2024,ปลาปักเป้าวงแดง,334.0
2024,ปลาเอ็มเพอเรอร์เตตร้า,332.586
2024,ปลาคิลลี่,331.872
2024,ปลาเพนกวินเตตร้า,331.664
2024,ปลาตาเดียว,328.499
2024,ปลาแบล็คแฟนทอม,328.161
2024,ปลาขยุย,327.658
2024,ปลาตะเพียนหางธง,325.611
2024,ปลาดินสอ,325.1
2024,ปลาตีน,317.575
2024,ปลาติดหิน,314.424
2024,ปลาปักเป้าจุด,310.909
2024,ปลาพลวงชมพู,310.819
2024,ปลาอีกอง,308.0
2024,ปลากระโห้,306.004
2024,ปลาหมอจีเวล,305.75
2024,ปลาสละ,302.266
2024,ปูอลาสก้า,296.3
2024,ปลาเสือพ่นน้ำเกล็ดถี่,290.002
2024,ปลาตะเพียนหางจุด,290.0
2024,หอยทากเปียโน,289.728
2024,ปลาเรนโบว์เกอทูเด้,283.144
2024,ปลาซิวควาย,280.125
2024,ปลาซิวซับวา,278.121
2024,ปลาพลวง,272.98400000000004
2024,ปลาแบล็ครูบี้,271.414
2024,ปลากดดำ,271.0
2024,หอยตะโกรมกรามขาว,270.0
2024,ปลาซิวข้างขวานใญ่,255.085
2024,ปลากระดี่มุก,253.29
2024,ปลาหมอสีโลมา,248.0
2024,ปลาช่อนทองลายบั้ง,246.052
2024,ปลาหมูค้อ,244.231
2024,ปลางวงช้าง,243.178
2024,ปลากระมังครีบสูง,240.0
2024,ปลาหมอคอนวิค,230.595
2024,ปลากะพงลาย,223.966
2024,ปลาโรซี่บาร์บ,223.222
2024,ปลาไวท์คลาวด์,222.797
2024,ปลาแมวกระโดงสูง,215.93
2024,หอยกาบ,215.64
2024,ปลาผีเสื้อ,214.238
2024,ปลารอสตราตัส,209.625
2024,ปลาเสือตอ,206.416
2024,ปลาหางไก่,205.35
2024,ปลาเรนโบว์แดง,200.639
2024,สาหร่ายผมนาง,200.0
2024,ปลาคราวน์เตตร้า,196.413
2024,ปลาซิวข้างเหลือง,191.80700000000002
2024,ตะพาบน้ำไต้หวัน,191.8
2024,ปลาหมอไนเยอร์เรอร์,190.986
2024,ปลาตะเพียนแคระ,190.053
2024,ปลาโกลว์ไลท์,189.01999999999998
2024,ปลากระโห้อินเดีย,185.25
2024,ปลาหมูแดง,182.0
2024,ปลาหมอแรมแดง,181.017
2024,ปลาไหลช่อ,176.0
2024,ปลาม้า,175.2
2024,ปลาแก้มช้ำพม่า,175.0
2024,ปลากระสูบขีด,172.656
2024,ปลามองคัวเซีย,171.0
2024,ปลาปักเป้าควาย,168.0
2024,ปลาหมอคาร์โบ,166.21
2024,ปลาซีกเดียว,162.8
2024,ปลาสเตอร์เจียน,162.354
2024,ปลาดุกหนามดำ,158.275
2024,ปลาพริสเทลล่า,155.825
2024,ปลาทูน่าครีบน้ำเงินแปซิฟิก,155.0
2024,ปลาแบล็คบาร์เรดฮุก,151.63
2024,ปลาช่อนจุด,150.0
2024,ปลาตับเต่า,149.65
2024,ปลาหมอโทรเฟียส,147.08
2024,ปลาเรนโบว์หางยาว,146.175
2024,ปลาค้อเกาะช้าง,144.5
2024,ปลาหลด,143.9
2024,ปลาขวานเงิน,143.0
2024,ปลาฟอกเทล,141.15
2024,ปลาโกล์ดเด้นท์บาร์บ,139.929
2024,ปลาเลมอนเตตร้า,139.56
2024,ปลาแมว,137.233
2024,สาหร่ายสไปรูลิน่า,130.34
2024,ปลาบิเชียร์ลายบั้ง,128.768
2024,ปลาปักเป้าทอง,126.515
2024,ปลาแขยง,123.303
2024,ปลาบาดิซ,121.931
2024,ปลาแขยงหนู,120.741
2024,ปลาค้ออกลาย,120.0
2024,ปลาเรดแพมทอม,116.136
2024,ปลาอับไซด์ดาว,114.0
2024,ปลาชะโอน,112.723
2024,ปลาซีบร้าไทเกอร์,112.3
2024,ปลาช่อนงูเห่า,111.0
2024,ปลาซิวหางกรรไกรแคระ,110.0
2024,สาหร่ายคอนบุ,109.0
2024,ปลาไชน่าซีโก้,106.0
2024,ไรแดง,105.1
2024,ปลิงควาย,105.0
2024,ปลาคางเบือน,99.708
2024,ปลาบาร์บทอง,99.15
2024,ปลาตะเพียนม้าลาย,98.12
2024,ปลาดินสอแดง,97.24
2024,ปลาอมไข่,97.054
2024,ปลาคิลลี่ฟิชราโชวี่อาย,96.534
2024,ปลาพิ้งค์เทล,96.029
2024,ปลากดแก้ว,96.0
2024,ปลาแก้มช้ำ,95.45
2024,ปลาสะนาก,89.26
2024,ปลาหลดหางแฉก,87.0
2024,ปลายอดม่วง,85.3
2024,ปลาแรดแดง,82.0
2024,ปลาถ้ำ,80.0
2024,ปลาแดงน้อย,78.533
2024,ปลาแมวลาย,78.355
2024,ปลาหมูสัก,77.4
2024,ปูม้าก้ามดาบ,76.27000000000001
2024,ปลาสายทอง,75.95
2024,ปลาหมูลายเสือ,73.65
2024,ปลาโลมาน้ำจืด,73.03
2024,ปลาบรัดฟิน,70.18599999999999
2024,ปลาการ์ตูนลูกผสม,70.0
2024,ปลาดุกลำพัน,70.0
2024,ปลาพิคตัสแคทฟิช,69.0
2024,ปลาโรนันจุดขาว,69.0
2024,หนอนแดง,69.0
2024,ปลาการ์,67.148
2024,ปลาเอมเพอเรอร์,66.5
2024,ปลาช่อนงูเห่าอินเดีย,66.0
2024,ปลาแค้แคระ,66.0
2024,ปลาไข่ออง,64.65
2024,ปลารีดฟิช,64.06700000000001
2024,ปลาหมอแรมโบลิเวีย,63.379000000000005
2024,ปลาเก๋าถ่าน,63.0
2024,ปลาซิวใบไผ่เล็ก,62.983000000000004
2024,ปลาหมอสีเตตร้า,62.5
2024,ปลาบู่แก้ว,62.0
2024,ปลาช่อนข้าหลวง,61.0
2024,ปลากระเบนธง,60.0
2024,ปลาหมูลายคู่,60.0
2024,ปลาซิวแคระ,57.722
2024,ปลาปล้องอ้อย,56.03
2024,ปลาอะราไพม่า,56.0
2024,ปลาหมอสุรินัมเอนสิส,55.419000000000004
2024,ปลาขี้ตังเบ็ด,55.0
2024,ปลาปักเป้าทองแดง,55.0
2024,ปลาเก๋าเสือ,55.0
2024,ปลาโมง,55.0
2024,ปลาผีเสื้อน้ำจืด,54.533
2024,ปลาผีเสื้อติดหินน่าน,54.5
2024,เต่าญี่ปุ่น,51.55
2024,ปลาช่อนบาร์กา,51.513000000000005
2024,ปลากด,50.5
2024,ปลาตะกาก,50.0
2024,หอยหินงาม,50.0
2024,หอยไม้ไผ่,50.0
2024,ปลาซิวข้าวสารแม่โขง,49.6
2024,ปลาหมอกล้วยหอมเหลือง,49.512
2024,ปลาสะตือ,48.018
2024,ปลาหนวดพราหมณ์,47.003
2024,หอยฟักทอง,47.0
2024,ปลาเพียว,46.5
2024,ปลาเรดบิลลี่บลัดฟิน,46.237
2024,ปลาขาไก่,45.44
2024,ปลาคุกคู,44.611
2024,ปลาน้ำหมึก,44.06
2024,ปลาบู่ทราย,43.0
2024,ปลาเค้าดำ,42.96
2024,ปลากัดมหาชัย,41.5
2024,ปลาหมอมาคูแลตัส,40.522
2024,ปลาค้อหางแดง,40.175
2024,ปลาหมอฮองเต้,40.092
2024,ปลาการ์ตูนเพอร์คูล่า,40.0
2024,ปลาซิวครีบแดง,40.0
2024,ปลาซิวเจ้าฟ้า,40.0
2024,ปลาเข็มงวง,40.0
2024,ปลาคลาวน์คิลลี่ฟิช,39.175
2024,แมลงดานา,37.97
2024,ปลากระสง,36.5
2024,ปลาไหล,36.0
2024,ปลาบลีดดิงฮาร์ทเตตร้า,35.5
2024,ปลาหลดม้าลาย,35.0
2024,ปลาแปบ,35.0
2024,ปูแสมก้ามแดง,34.0
2024,ปลาเรดฮุก,33.56
2024,ปลาหมูดาริโอ,32.0
2024,ปลาแค้ติดหิน,32.0
2024,ปลาปีกไก่,31.0
2024,ปลาโรซี่เตตร้า,30.5
2024,ปลากะรังหัวโขน,30.0
2024,ปลาการ์ตูนส้มขาว,30.0
2024,ปลาการ์ตูนอานม้า,30.0
2024,ปลาการ์ตูนแดง,30.0
2024,ปลาจวดเหลือง,30.0
2024,ปลาซิวแถบทอง,30.0
2024,ปูขน,30.0
2024,ปลาปักเป้าฟาฮากา,29.0
2024,ปลาเสือดำ,29.0
2024,กบตาหนาม,27.3
2024,ปลาอะโรวาน่าแอฟริกา,27.0
2024,ปลาหมอสีไซโซ,26.12
2024,ปลาเปคู,26.0
2024,ปลาขวานหิน,25.59
2024,ปลาสายทองแถบดำ,25.0
2024,ปลาอีคุด,25.0
2024,ปลาอุก,25.0
2024,ปลาซิวหน้าแดง,24.5
2024,ปลาตาเหลือก,24.036
2024,ปลาพลวงทอง,24.0
2024,ปูน้ำจืด,24.0
2024,ปลาแปบควายอาร์ม็อง,23.0
2024,ปลาหมอสีไลออนเฮด,22.916
2024,ปลาแค้ขี้หมู,22.03
2024,ปลาซิวสายรุ้ง,22.0
2024,ปลาหมูพม่า,21.0
2024,ปลาวูล์ฟฟิช,20.975
2024,ปลาหูช้าง,20.039
2024,ปลากระดี่โนเบิล,20.0
2024,ปลาค้อแถบดำ,20.0
2024,ปลาหมอเสือดาว,20.0
2024,ปลาเข็มแม่น้ำ,20.0
2024,ปลาเคร่าเดดี้,20.0
2024,ปลาแปป,20.0
2024,ปลาแฟลกเทลแคทฟิช,20.0
2024,ไรน้ำ,20.0
2024,ปลาน้ำเงิน,19.776
2024,ปลาหมอเพอร์ซี่,19.212
2024,ปลาค้อลาย,18.169
2024,ปลาค้อลายเสือหางแดง,18.0
2024,ปลาเสือหกขีด,18.0
2024,ปลากะพงหน้าลาย,17.0
2024,ปลาค้อเชียงตุง,16.676
2024,ปลาแซนด์แลนซ์,15.8
2024,ปลาหมออัฟราคาจินโด,15.620000000000001
2024,ปลากดหมู,15.003
2024,กบไวท์,15.0
2024,คางคกอ้อย,15.0
2024,ปลาค้อทรายพม่า,15.0
2024,ปลาตะเพียนหยดน้ำ,15.0
2024,ปลาปักเป้าปากขวด,15.0
2024,ปลามะไฟ,15.0
2024,ปลาสังกะวาดท้องคม,15.0
2024,ปลาหมอจำปะ,15.0
2024,ปลาอะโรวาน่าดำ,15.0
2024,ปลาเฮมิโอดัส,15.0
2024,ปลาไข่อองเล็ก,15.0
2024,อึ่งอ่างบ้าน,15.0
2024,ปลาดาบลาว,14.93
2024,ปลาหมอเรกานี่,14.917
2024,ปลาไหลมอเรย์,14.1
2024,ปูแสมภูเขา,14.08
2024,ปลาหางยาว,14.0
2024,ปลาจูบ,13.447
2024,ปลาแมวร้องไห้,13.434999999999999
2024,ปลาหนวดแมว,13.363
2024,ปลาแอตแลนติกทาร์ปอน,13.308
2024,ปูก้ามดาบ,13.1
2024,ปลาจระเข้ฟอริด้า,13.093
2024,ปลากระดี่ช็อคโกแล็ต,13.0
2024,ปลาหว้าหน้านอ,12.288
2024,ปลากะแมะ,12.030000000000001
2024,ปลาหมอแรมโพโรกัสเต็ดตร้า,12.0
2024,ปลาแปซิฟิกบลูอาย,12.0
2024,ปลาหมอ,11.48
2024,ปลาคางคก,11.039
2024,ปลาตะกรับลาย,11.0
2024,ปลาน้ำหมึกจีน,11.0
2024,ปลาปักเป้าสมพงษ์,11.0
2024,ปลาฝักพร้า,10.245999999999999
2024,กุ้งเขียว,10.0
2024,ปลาคองโกเตตร้าหางเหลือง,10.0
2024,ปลาช่อนเอเชียติกา,10.0
2024,ปลาซันฟิช,10.0
2024,ปลาซิวหนวด,10.0
2024,ปลาซิวอินเล,10.0
2024,ปลาบู่เรนโบว์,10.0
2024,ปลาปักเป้าตาแดง,10.0
2024,ปลาปักเป้าท้องตาข่าย,10.0
2024,ปลาลัคกี้ดราก้อน,10.0
2024,ปลาเชคเกอร์บาร์บ,10.0
2024,ปลาเรดไซเนอร์,10.0
2024,ปลาเสือหกแถบ,10.0
2024,ปลาค้อมัศยะ,9.843
2024,ปลาลิ้นหมาน้ำจืด,9.463
2024,ปลาซิวเขียวอินโด,9.46
2024,ปลามังกรทะเลใบหญ้า,8.0
2024,ปลาแขยงดานดำ,7.0
2024,ปลานกแก้วแดง,6.0
2024,ปลาหมอลวานดา,6.0
2024,ปลาแขยงธง,6.0
2024,ปลาแขยงภูเขา,6.0
2024,ปลากัดช้าง,5.5
2024,ปลาเฮดสแตนเดอร์,5.09
2024,กบ,5.0
2024,กบอ่องเล็ก,5.0
2024,ปลาดุกแบนโจ,5.0
2024,ปลาธง,5.0
2024,ปลาหมูภูเขา,5.0
2024,เขียดขาคำ,5.0
2024,ปลามัลเลียการ์รา,4.54
2024,ปลาดัก,4.0
2024,ปลานกแก้วเหลือง,4.0
2024,ปลาแมงป่อง,4.0
2024,สาหร่ายเซลล์เดียว,3.845
2024,ปลาลั้มฟิช,3.8
2024,ปลาซีราเวน,3.5
2024,ปลาพิงค์เทล,3.03
2024,ปลากะรัง,3.0
2024,ปลากาดิ,3.0
2024,ปลาบัมเบิลบีแคทฟิช,3.0
2024,ปลาเก๋าแดง,3.0
2024,ปลากระโทงดำ,2.2
2024,ปูเสฉวน,2.095
2024,หอยพิม,2.05
2024,กุ้งหวาน,2.0
2024,ปลาช่อนเข็ม,2.0
2024,หอยเม็ดขนุน,1.901
2024,เพรียงหิน,1.707
2024,หอยเม็ดถั่วเขียว,1.474
2024,หอยขมทะเล,1.436
2024,ฟองน้ำ,1.358
2024,ปลาหมอเทศข้างลาย,1.319
2024,หอยหมวกเจ๊ก,1.319
2024,กุ้งยามาโตะ,1.3
2024,หอยนางรมหนาม,1.2020000000000002
2024,หอยทะเล,1.125
2024,ปลาดุกตั๊กแตน,1.06
2024,ปลาออสเซราลิส,1.03
2024,ปลาดุกแคระ,1.0
2024,ปลาบึก,1.0
2024,ปลาบู่จากลายแถบ,1.0
2024,ปลาบู่พีค๊อก,1.0
2024,ปลาบู่หนอน,1.0
2024,ปลาบู่โคบอล,1.0
2024,ปลาแขยงนวล,1.0
2024,ปลาแขยงใบข้าว,1.0
2024,ปลาโพล็อค,1.0
2024,ปูมดแดง,1.0
2024,หอยเม่น,1.0
2024,หอยกระพงน้ำจืด,0.97
2024,ปูก้ามหัก,0.931
2024,ปูเป้,0.893
2024,ปูใบ้,0.8540000000000001
2024,ปูตายาว,0.854
2024,หอยกระจก,0.737
2024,เพรียงภูเขาไฟ,0.737
2024,เพรียงหัวหอม,0.698
2024,ปลาเด็มเซลท้องเหลือง,0.688
2024,หอยหนาม,0.582
2024,ไฮดรา,0.582
2024,ปลาซิลเวอร์ดอลลาร์,0.5
2024,ปลาปักเป้าหางแดงพม่า,0.49
2024,บุ้งทะเล,0.466
2024,ปูมะระ,0.466
2024,กุ้งดีดขัน,0.388
2024,ปลาบู่หางแหลม,0.388
2024,ปลาบู่เขือ,0.388
2024,ปลาสลิดหินน้ำผึ้ง,0.38
2024,ปลาการ์ตูนดำขาว,0.36
2024,หนอนถั่ว,0.31
2024,หอยทับทิม,0.31
2024,ปลาแรดเขี้ยว,0.276
2024,หนอนทราย,0.272
2024,หอยเสียบ,0.233
2024,ไส้เดือนทะเล,0.233
2024,ปลาบิเชียร์จุด,0.21500000000000002
2024,ดาวเปราะ,0.194
2024,ปูหินอ่อน,0.16
2024,ปูกะตอย,0.116
2024,หอยแครงขน,0.116
2024,หอยโนรี,0.116
2024,ปะการัง,0.096
2024,ปลาวัวสามเงี่ยง,0.078
2024,ปูฟองน้ำ,0.078
2024,ปูแสมหิน,0.078
2024,หอยฝาเดียว,0.078
2024,เม่นทะเล,0.078
2024,ปลาฉลามเสือทราย,0.076
2024,ปลากดหัวอ่อน,0.039
2024,ปลากระทุงเหวควาย,0.039
2024,ปูกระดุม,0.039
2024,ปูแต่งตัว,0.039
2024,สาหร่ายซากัสซัม,0.039
2024,หอยทรุบุไก,0.039
2024,หอยนมสาว,0.039
2024,หอยปิด,0.039
2024,หอยมุก,0.039
2024,หอยเบี้ย,0.039
2024,ม้าน้ำจมูกยาว,0.015
2024,มังกรทะเลใบหญ้า,0.014
2024,ปลากะมัง,0.003
2024,ปลาตูหนาลายดอก,0.003
