fish,production_ton
ปลาทูน่าท้องแถบ,1215422646.182
กุ้งขาว,363165099.896
ปลาทูน่าครีบเหลือง,298000118.353
ปลากะตัก,231459743.781
ปลาทรายแดง,226727699.952
ปลาแป้น,161232268.977
ปลาซาร์ดีน,143322533.546
ปลาทูน่าครีบยาว,106537540.343
ปลาหลังเขียว,79655603.898
หอยนางรม,70486061.776
ปลาหมึกกล้วย,68090009.815
ปลาซาบะ,58207838.416
ปลาอลาสก้าโพล็อค,53128486.385
ปลาแซลมอน,50617482.489
ปลาโอดำ,47242244.87
กุ้งกุลาดำ,36770744.1272
ปลาทูแขก,33400551.520000003
ปลายี่สกเทศ,30938744.226
ปลาสวาย,29293410.384
ปลาหมึกกระดอง,28463551.417
ปลาดาบเงิน,27198909.13
ปลาหางแข็ง,25780582.37
ปลานิล,24434890.334000003
ปลาทูน่าตาโต,21996624.035
ปลาตาหวาน,20783186.162
ปลาทูลัง,20654858.901
ปลาสีกุน,20611879.569000002
ปลาหมึกสาย,18601755.154000003
หอยลาย,16476637.0646
ปลาปากคม,16443199.048999999
กุ้งก้ามกราม,16034498.58
กุ้งแดง,13434782.837199999
ปลาทูแขกครีบยาว,13246807.205
ปลาสร้อยขาว,12163342.86
หอยตลับ,11848042.892
สาหร่ายทะเล,10433584.724
แมงกะพรุน,10373007.44
ปูทะเล,10234693.83
ปลาทูสั้น,9440442.807
ปลาจวด,8688684.5
แมงกะพรุนหนัง,8248045.5
ปลาสีกุนข้างเหลือง,7812932.352
ปลาโอลาย,7083757.78
ปลาหมึกกล้วยยักษ์,6844785.312
ปลาตาโต,6615483.191
ปลาแมคเคอเรล,6468604.7870000005
ปลาลิ่น,6162781.8
หอยเชลล์,6008391.784
ปลาทูน่าโบนิโต,5868880.276
ปลายอดจาก,5778107.739
ปลาไส้ตัน,5747521.35
ปลาหนวดฤาษี,5552137.731
หอยแครง,5101677.536
ปลาอินทรี,4952198.168
ปลาไข่,4871909.575200001
ปลาวัว,4756314.55
ปลาตาเดียว,4484804.399
ปลาลิ้นหมา,4479877.793
ปูจั๊กจั่น,4372671.56
ปลากะพงขาว,4278524.286
ปลากระดี่,4169754.957
เคย,4030693.71
ปลาหางแข็งบั้ง,4026032.008
ปลาชะโด,3997914.808
ปลาแฮดด็อก,3980847.348
ปลาเทราต์,3579296.088
ปลาริวกิว,3459804.57
ปลาเป็ด,3346000.0
ปลาสีกุนตาพอง,3343984.878
ปลาโอหลอด,3330325.44
ปลาค็อด,3146621.303
หอยเตาะ,2973810.0
ปลาดุกแอฟริกา,2817287.4299999997
ปลาหมึกหอม,2616767.11
ปลาจะละเม็ดดำ,2575985.846
ปลาหัวแบน,2567585.0
ปูม้า,2562691.783
ปลาทราย,2522611.448
กุ้งโอคักเล็ก,2449214.782
ปลาสลิดทะเล,2385684.694
ปลาเฮก,2311418.378
ปลาหมอไทย,2153125.884
ปลาหมึกยักษ์,2065012.62
กั้งตั๊กแตน,1917952.202
กบนา,1909316.48
ปลาหางเหลือง,1847100.161
ปลาตะเพียน,1767644.149
ปลานวลจันทร์เทศ,1766174.121
ปลาเฮอร์ริง,1714082.69
ปลายี่สกไทย,1661430.0
ปลาสลิด,1621503.314
ปลากะพงข้างเหลือง,1604338.7
กุ้งมังกร,1551980.402
ปลาบลูไวทิง,1450435.98
หอยจุ๊บแจง,1348170.0
ปลาโฮกิ,1302091.6800000002
ปลาไน,1184345.446
ปลากะมงพร้าว,1162182.099
ปลาตูหนา,1146557.54
หอยปากเป็ด,1081100.0
ปลาซันมะ,1018942.5199999999
ปลาเก๋า,1012697.26
หอยหวาน,1011394.48
ปลาทับทิม,901452.6499999999
ปลาสาก,890046.415
หอยมุกจาน,877424.5
ปลาหมูสี,855308.6680000001
กุ้งตะกาด,844763.6680000001
ปลาดุกอุย,842656.08
หอยพอก,787405.0
อาร์ทีเมีย,778384.51
ปลาแจคแมคเคอเรล,777753.13
หอยแมลงภู่,775992.5260000001
ปลากัด,703613.366
กุ้งแชบ๊วย,674208.6309999999
ปลากระเบน,673782.503
ปลาแป้นแถบ,661385.44
จระเข้น้ำจืด,654005.4689999999
ปลาตะเพียนน้ำเค็ม,633262.99
ปลาเรดซีบรีม,627311.085
ปลาจะละเม็ด,624523.977
ปลาหมอเทศ,611554.0
กุ้งคิดดิ,599256.494
ปลานวลจันทร์น้ำจืด,542329.53
กุ้งตะกาดหางแดง,534335.89
ปลาซิวแก้ว,515882.168
ปลากราย,510616.096
สาหร่ายฮิจิกิ,503708.44
ปลาสีกุนหน้านวล,494139.0
ปลาฮาลิบัท,481396.797
ปลาซ่ง,473526.63
ปลานวลจันทร์ทะเล,472867.775
ปลาสร้อยนกเขาทะเล,468021.088
ปลากดทะเล,462916.97000000003
ปลากะพงแดง,460743.463
ปลาช่อน,453795.96499999997
ปลากระทุงเหวแม่หม้าย,434920.04000000004
ปลาแดง,422177.74
กุ้งชมพู,418440.20499999996
ปลาดอกหมากครีบยาว,406391.905
ปลิงทะเล,396337.896
หอยพระจันทร์ลายจุด,389332.0
กุ้งทราย,387869.16
ปลาเหลืองโพรง,382088.0
ปลาฮอชแมคเคอเรล,381991.16
สาหร่ายวากาเมะ,357161.97
ปลาบู่,353849.478
หอยปีกนก,352171.42
ปลาสังกะวาด,350041.0
ปลากระทุงเหว,349812.489
หอยถ่าน,310505.288
ปลาดุกบิ๊กอุย,304156.492
กุ้งติติ,281363.15
ปลากุเรา,279875.34
กุ้งโอคักใหญ่,278443.4
หอยสังข์,275007.0
ปลาแอทคาแมคเคอเรล,258113.8721
ปลาทูน่า,243936.845
กุ้ง,241685.92
ปลาไหลทะเล,240322.26
หอยซิจิมิ,230137.0
ปลาหางควาย,230008.937
ปลาจะละเม็ดเทา,220145.0
ปลากระโทงแทง,213784.08000000002
ปลาหางนกยูง,201720.676
ปลาดอกหมากกระโดง,194511.048
หอยจอบ,187148.263
ปลาโฉมงาม,185920.621
ปลาทรายขาว,178087.24300000002
ปลาแป้นแก้ว,176500.31
กุ้งตะกาดกรีจุด,171665.972
ปูหิมะ,163992.516
ปลาจะละเม็ดขาว,158496.4
ปลาโอขาว,158047.572
ปลาช่อนทะเล,157064.58
ปลาฉลามสีน้ำเงิน,145474.7
กุ้งเชอรี่,145214.80299999999
ปลาหมู,140244.42299999998
ปลาทอง,135498.5865
ปลาทู,128885.89
ปลาตะลุมพุก,128100.95
ปลากะพงแสม,122075.572
ปลาหมึกสายยักษ์,119843.0
ปลาเม็ดขนุน,113978.0
กุ้งน้ำตาล,111941.31899999999
ปลาลูกผึ้ง,111787.514
ปลาปักเป้าหนามทุเรียน,105630.0
ปลาสอด,105554.98
ปลาไหลนา,104966.696
ปลาหมอมาลาวี,104393.917
ปลาสละ,101185.266
หอย,99283.6
ปลาหมึกไดมอนด์,94600.318
ปลานิลแดง,93459.65
ปลาทรายแดงใหญ่,89233.84
ปลาหมอสี,88266.614
ปลากะพงข้างปาน,87956.5
ปลาแขยงข้างลาย,87596.871
กุ้งเหลืองหางฟ้า,86971.0
ปลาเค้าขาว,85033.56899999999
ปลาสลาด,84976.397
ปลาแบล็กเบลลีโรสฟิช,84840.0
ปลาฉลาม,83181.55
ปลากดคัง,81672.754
ปลาหิมะ,79985.88
กุ้งฝอย,78034.59
ปลาสแปรต,76428.71
ปลากระโห้,76283.59
ปูนา,72121.82
ปลาจิ้งจอก,68836.743
ปลาซีบรีม,68290.79
ปลาหางไหม้,67919.765
ปลาเนื้ออ่อน,67659.05
ปลาออสการ์,62938.921
ปลาวาฮู,62192.0
กุ้งกุลาลาย,60577.76
ปลาแปซิฟิกโอเชี่ยนเพิร์ซ,60350.36
ปลากะรังดอกแดง,57230.737
ปลาสำลีญี่ปุ่น,54825.8
กุ้งมังกรเขียว,53997.0
ปลาร็อคฟิช,53796.868
ปลาทูปากจิ้งจก,53737.735
ปลากระดี่หม้อ,52853.924999999996
ปลานกกระจอก,52659.0
ปลาซัคเกอร์,52419.101
กุ้งลอบสเตอร์,51098.44
หอยหมาก,50778.0
กุ้งทะเล,50387.0
ปลาเบญจพรรณ,50000.0
หอยหลอด,49841.4
ปลาก้างพระร่วง,49764.702999999994
ปลาเปคูแดง,49392.33
จระเข้น้ำเค็ม,47605.064
ปลากาแดง,46509.371
ปลาแมวหนวดยาว,46380.466
ปลาเฉา,45717.92
ปลาคาร์ดินัล,43744.653999999995
ปลาสลิดหิน,41444.879
ปลากะพง,41254.1
ปลาแบล็คซีบรีม,39075.0
ปลากดหัวเสียม,38773.165
หอยโข่งน้ำจืด,38471.912
ปลากา,38109.0
ปูลาย,37902.1
หอยกาบน้ำจืด,35959.501
ปลากระดี่นาง,35930.69
ปลากระบอก,35752.659
ปลาใบปอ,35742.0
ปลาอินทรีจุด,35717.5
ปลาคาร์พ,35385.655
ปลาหลังเขียวกลม,35260.2
หอยตะเภา,35193.0
ปลากระเบนแมลงวัน,34435.3
จระเข้อัลลิเกเตอร์,33481.138999999996
ปลาอีโต้มอญ,32423.23
โคพีพอด,31910.0
หอยกินหอย,31129.768
ปลากดเหลือง,30547.703
ปลาเสือเยอรมัน,29931.546000000002
ปลาฉลามครีบดำ,29696.23
ปลาปอมปาดัวร์,29505.352
ปลาทรงเครื่อง,28380.855
ปูหิน,27188.272
เพรียงทราย,27057.0
หอยทาก,27031.844
ปลาสีเงินใหญ่,26925.0
ปลาปักเป้าจุดดำ,26117.377
กุ้งแรด,25927.565
กุ้งตะกาดกรีดำ,25176.0
ปลาสีขน,25030.0
หอยนมสาว,25000.039
แมวน้ำ,24974.0
ปลาแรด,24923.274
ปลาเข็ม,24853.398
ปลาคลุด,24427.5
หอยเชอรี่,24353.489999999998
ปลาโพล็อค,24083.8
ปลาเทวดา,23726.37
ปลาจานแดง,23383.3
ปลากระดี่แดง,22877.574
ปลาดุกด้าน,22769.616
ปลาหมอฟลาวเวอร์ฮอร์น,22298.255999999998
ปลาหมอกล้วยหอม,22114.086
ปลากดหัวแข็ง,22061.0
ปูแสม,21400.814
ปลาสีเงินปรุงแต่ง,21125.0
ปลาหมูปากีสถาน,20784.023999999998
ปลาคูลี่,20724.331
ปลาตะโกก,20540.012
ปลาเล็บมือนาง,20114.337
หอยทะเลสองฝา,19987.2
หอยเป๋าฮื้อ,19865.08
ปลาไส้ตันตาขาว,19696.0
หอยหน้ายักษ์,19657.0
ปลากะมงขาว,19566.3
ปลาซิวข้างขวาน,19354.681
ปลาซิลเวอร์แวร์ฮู,18927.06
ปลากะพงแดงข้างแถว,18865.0
ปลาซิวข้างขวานเล็ก,17930.707000000002
ปลาสีเงิน,17707.0
ปลาบู่หมาจู,17444.719
ปลาเรดเทลแคทฟิช,17256.438
ปลาทรายขาวหูแดง,16458.6
กุ้งคาร์ดินัล,16438.75
ปลาหลดจุด,16436.996
กุ้งปล้อง,16370.0
ปลาทูน่าใต้,16075.5
กุ้งลายเสือ,16022.220000000001
ปลากริม,15974.775
ปลาหนวดยุ่ง,15820.296999999999
ปลาวอลล์อาย,15505.0
ปลาหมอนกแก้ว,15347.751
ปลาซิวตาเขียว,15296.707
ปลากระเบนโปลกาด๊อท,15086.682
ปลาแบล็คโทส,15051.95
ปลากาดำ,14772.381
ปลากะมง,14625.0
ปลาไวโอเล็ตแวร์ฮู,14399.525
ปลากระดี่แคระ,14258.732
ปลาสลิดทะเลแถบ,14040.902000000002
กุ้งเครย์ฟิช,13961.276
หอยคัวฮก,13265.6
ปลาใบขนุน,13179.53
ปลาม้าลาย,12922.774
ปลากระเบนโมโตโร่,12420.150000000001
ปลาข้างตะเภา,12286.168
ปลาซิวข้าวสาร,12214.827
ปลาเสือพ่นน้ำ,12151.17
ปลาสีเสียด,12043.41
ปลาเฉี่ยว,12040.6
ปลาเทราต์ทะเล,11944.3
ปูแดง,11916.52
ปลาซิวอ้าว,11686.970000000001
ปลาซิว,11668.254
หอยขม,11582.395999999999
ปลาปักเป้าซีลอน,11401.101999999999
ปลาดอรี่,11340.12
ปลาเจมฟิช,11320.0
ปลาเสือตอลายเล็ก,10877.716
ปลาหมอบลูดอลฟิน,10772.257
ปลาเทพา,10333.463
ปลาหมอวีนัส,10090.0157
ปลาจีด,10050.6
ปลาฮาลิบัทญี่ปุ่น,9806.3
ปลาเสือสุมาตรา,9803.67
ปลาเทโพ,9780.221
ปลาหมอแตงไทย,9775.628
ปลาหลด,9380.756
ปลานีออน,9135.38
ปลาหัวตะกั่ว,8705.326000000001
ปลากระเบนหัวแหลม,8560.0
หอยโข่ง,8435.0
ปลาตะกรับ,8089.289
ปลาโรซี่,8023.6410000000005
ปลาหมูลายเมฆ,8010.017
ปลาหมอจาขอบ,7916.022
ปลาหมอมาลาวีเหลือง,7773.161
ปลาหมอดีมาสัน,7713.006
ปลาอะโรวาน่าเงิน,7676.5419999999995
ปลาจิ้งจอกจีน,7514.057
ตะพาบ,7507.0
ปลาแป้นพระจันทร์,7010.5
กบบูลฟร็อก,6990.0
ปลาจอห์นดอรี่,6976.4
ปลาแป้นแก้วรังกา,6937.945
ปลาไวท์แวร์ฮู,6880.0
ปลาแพะ,6811.816
เปลือกหอยตาวัว,6670.0
ปลาหมออิเล็คทริกบลู,6533.112
ปลาบิน,6400.639999999999
ปลาออเร้นจ์รัฟฟี่,6330.0
ปลาตะเพียนทอง,6161.697
ปลาซิวเพรชน้อย,6079.936
ปลากระทิงดำ,6012.737
ปลาการ่า,5951.14
หอยมะระ,5901.195
ปลาแบล็คโกสท์,5883.308
ปลาตะเพียนอินโดตาแดง,5851.874
ปลากระเบนหางสั้น,5829.04
ปลารัมมี่โนส,5559.804
ปูดาว,5479.79
ปลาหมอสีคาดังโก,5465.128
ปลาแป้นแก้วหน้ายาว,5445.36
ปลาหมูหางแดง,5310.588
ปลาเลมอนเตตร้า,5192.695
ปลาหมอตาล,5044.884
ปลาหมอริวูเลตัส,5017.816
ปลาหมอแคระ,4953.796
กั้งกระดาน,4944.2
ปลาออตโต้,4895.966
ลูกน้ำ,4892.0
ปลากระเบนชายธง,4839.5
ปลากั้ง,4818.465
ปลาหมออาปาเซ่,4798.401
ปลากระทิง,4795.948
ปลาแรมเยอรมัน,4790.79
ปลากะพงแดงหน้าตั้ง,4645.0
ปลารากกล้วย,4596.936
ปลาหมูอินโด,4487.26
ปลาซิวหนู,4467.941
ปลาหมอไตรมาคู,4430.913
ปลาเรนโบว์,4413.546
ปลากระแห,4360.986
ปลาหมอไฟร์เมาท์,4325.334
ปลากะพงผี,4290.0
ปลาช่อนพม่า,4121.610000000001
ปลาซิวหางแดง,4043.431
จระเข้แม่น้ำไนล์,4006.1589999999997
ปลาจิ้งจก,3975.435
ปลาแซนฟิช,3940.0
ปลาปักเป้า,3776.527
ปลาซิวใบไผ่,3735.453
ปลาหมูอารีย์,3716.4629999999997
ปลาชีเวลเลีย,3708.303
ปลาซิวหลังจุด,3647.631
หอยหมวกทหาร,3614.103
หอยสองฝา,3586.542
ปลาบัตเตอร์ฟิช,3500.0
ปลาฟิงเกอร์,3488.686
ปลาหมอสีซูลู,3409.116
ปูแมงมุมแคระ,3406.6890000000003
ปลาแบล็กค็อด,3382.0
ปลาทูน่าครีบน้ำเงินแปซิฟิก,3357.0
แมงดาจาน,3351.504
หอยม้าลายอินโด,3343.213
หนอนแดง,3338.0
ปลาฉลามหนู,3330.13
ปลาแพะเขียว,3327.055
สาหร่ายผักกาดทะเล,3299.22
ปลาหมูกระโดงสูง,3290.727
ปลาพาราไดซ์แดง,3246.75
ปลาซิวกาแล็คซี่,3140.788
ปลาโกล์วไลท์ดานิโอ,3133.924
ปลากะพงลายเสือ,3100.0
หอยสังข์โมฬี,3035.5
ปลาเมี้ยน,3014.6000000000004
ปลาไทเกอร์ซูเวลโนส,2916.562
ปลาซิวหางกรรไกร,2891.866
ปลาตะเพียนอินเดีย,2875.622
ปลาซิวข้างขวานโกลไลท์,2870.753
ปลากดทอง,2812.264
หอยเจดีย์,2788.766
ปลากะรังจุดฟ้า,2785.0
ปลาหมอแซงแซว,2731.158
ปลาจิ้มฟันจระเข้,2720.15
ปลาบู่กล้วย,2637.0009999999997
ปลาดุก,2631.563
หอยมุกกัลปังหา,2610.0
ปลาแพะแพนด้า,2477.343
ปลาเตตร้า,2475.883
ปลาหมอสีอิเล็คทริกบลู,2460.855
หอยไม้ไผ่,2425.0
ปลาเอ็มเบอร์เตตร้า,2409.398
ปลาตองลาย,2388.534
ปลาหมอปากยาวน้ำเงิน,2385.005
ปลาแค้,2381.002
จระเข้ไคแมน,2377.826
ปลากระดี่ปากหนา,2376.623
หอยม้าลาย,2365.74
ปลากระโทงแทงสีน้ำเงิน,2296.0
ปลาซิวอีลิโทไมคอน,2292.063
ปลาหมูข้างลาย,2274.195
หอยแอปเปิ้ล,2190.709
ปลาเปคูดำ,2153.139
ปลาเพลซ,2130.0
ปลาแขยงหิน,2104.985
ปลาแป้นหัวโหนก,2100.849
ปลาแขยง,2088.255
ปลาไนเจอร์โอรีโอดำ,2030.95
ปลาตะพาก,2014.684
หอยกาบลาย,2008.2179999999998
หอยสังข์จุกพราหมณ์,2000.0
ปลาเชอรี่บาร์ป,1975.399
ปลาตะเพียนหน้าแดง,1899.403
ปลาจระเข้อะลิเกเตอร์,1877.583
ปลากระทุงเหวเมือง,1877.377
ปลาจิ้มฟันจระเข้แคระ,1872.556
ปลาหมอสีไต้หวันรีฟ,1828.087
ปลาเซลฟินยักษ์,1827.0
ปลากระทิงไฟ,1820.992
สาหร่ายคลอเรลล่า,1815.0
ปลาหมอแจ็กเดมป์ซีย์,1789.108
ปลาหมอฟลามิงโก้,1787.7179999999998
ปลาสิงโต,1785.278
ปลาหมอมาลาวีน้ำเงินคอแดง,1778.991
ปลาเสือสุมาตราป่า,1763.873
ปลาหลดภูเขา,1758.4080000000001
ปลาหมอเซวารุ่ม,1742.012
ปลากรายอินเดีย,1741.795
ปลาวาเรียตัส,1738.72
หอยตาวัว,1730.117
ปลาหมูค้อ,1724.971
ปลาหมอเทกซัสแดง,1713.654
ปลาเกล็ดถี่,1707.4499999999998
ปลาหมอฟรอนโตซ่า,1658.069
ปลาเสือตอ,1631.1770000000001
ปลาหมอสีมิโลโม่,1578.535
ปลากัดป่า,1544.393
ปลาเวียน,1526.617
ปลาเลียหิน,1523.5
ปลาบอร์ฟิช,1520.0
ปลาเซอร์เป้เตตร้า,1507.778
ปลากัดป่าภาคใต้,1493.446
ปลาปักเป้าวงแดง,1483.3
ปลานีออนดำ,1478.522
ปลาอะโรวาน่าออสเตรเลีย,1447.836
ปลาปักเป้าเขียว,1446.6399999999999
ปลาหมอโพลีนี่,1428.647
ปลาอินซีเน็ต,1417.86
ปลาฉลามช้าง,1371.5
ปลาบิเซียร์,1362.582
ปลาพลวงหิน,1333.229
ปูอลาสก้า,1328.6399999999999
ปลาแบล็คแฟนทอม,1310.049
ปลาดอกหมาก,1260.0
หอยหินงาม,1258.5
ปลาคองโกเตตร้า,1249.872
ปลาบาร์บ,1249.0
ปลาช่อนเจ็ดสี,1230.365
ปลาบ้า,1225.2640000000001
ปลาค้อ,1205.499
ปลาหมอมานาเกวนเซ่,1181.87
ปลาหมอจีเวล,1176.075
ปลาหมออิสตันบลูโจฮานนี่,1162.4930000000002
ปลาหมูปล้องลาย,1145.05
ปลาซิวซับวา,1125.036
ปลาค้อหางส้ม,1112.35
ปลาปักเป้าแคระ,1102.195
ปลามองคัวเซีย,1093.395
ปลากะพงลาย,1086.886
ปลาหมออาร์เจนเตีย,1077.4080000000001
หอยคราง,1070.0
หอยตะโกรมกรามขาว,1060.0
หอยเขา,1054.147
ปลาซิลเวอร์ดอลล่า,1004.219
ปลาเตตร้ากระโดงเงิน,984.602
ตะพาบน้ำไต้หวัน,967.629
กุ้งฟ้า,960.67
ปลาดินสอ,955.189
ปลาแป้นยักษ์,940.0
ปลาเตตตร้า,934.122
ปลาคิลลี่,912.179
ปลาเพนกวินเตตร้า,907.429
ปลาดุกหนามดำ,903.079
ปลาม้า,889.053
ปลาหมอสีโลมา,887.266
ปลาหมูลายเสือสาละวิน,884.83
ปลารอสตราตัส,870.639
ปลาหมอคอนวิค,848.218
ปลาปักเป้าควาย,842.08
ปลาจิ้มฟันจระเข้ยักษ์,841.976
หอยกาบ,815.5799999999999
ปลาฟอกเทล,792.792
ปลาออสเซราลิส,790.158
ปลากระดี่มุก,787.6959999999999
ปลาโรซี่บาร์บ,782.422
ปลากะพงแดงเกล็ดห่าง,765.0
ปลาตะเพียนแคระ,760.223
ปลาติดหิน,757.297
ปูม้าก้ามดาบ,739.07
ปลาโกลว์ไลท์,730.1229999999999
ปลาอะโรวาน่า,721.938
ปลาไวท์คลาวด์,717.436
ปลาเรนโบว์หางยาว,716.739
ปลาบู่แคระ,707.67
ปลาหมูม้าลาย,704.691
ปลาซิวควาย,697.672
ปลาขยุย,697.658
ปลาเรนโบว์แดง,691.594
ปลานีออนเขียว,690.672
ปลาหางไก่,676.6999999999999
ปลาหมอไนเยอร์เรอร์,659.989
ปลาเรนโบว์เกอทูเด้,655.502
ปลาซิวข้างเหลือง,654.407
ปลาน้ำหมึก,649.74
ปลาเอ็มเพอเรอร์เตตร้า,634.469
ปลาเสือพ่นน้ำเกล็ดถี่,622.555
ปลากดดำ,621.018
ปลาซิลเวอร์สแกต,618.211
ปลาปักเป้าทอง,609.427
ปลากระโทงร่ม,596.0
ปลาอีกอง,595.0
ปลาพริสเทลล่า,583.475
ปลางวงช้าง,579.0
ปลาตีน,567.575
หอยทากเปียโน,564.7280000000001
ปลาพลวงชมพู,557.569
ปลาบาร์บทอง,533.3770000000001
อึ่งปากขวด,525.0
ปลาเยลโลว์เพิร์ช,525.0
ปลาค้อเกาะช้าง,518.5
ปลาตะเพียนหางธง,514.985
ปลาแมวกระโดงสูง,509.41
ปลาหมูสัก,506.48
ปลาหมอคาร์โบ,501.55
ปลาไหลช่อ,496.604
ปลาแลมป์อาย,490.0
ปลาชะโอน,486.323
ปลาบลีดดิงฮาร์ทเตตร้า,485.65
ปลาแบล็ครูบี้,455.786
ปลากดกลับหัวพม่า,449.61
ปลาตะเพียนหางจุด,420.9
ปลายอดม่วง,413.6
แมลงดานา,411.34
ปลาโกล์ดเด้นท์บาร์บ,401.867
ปลาหมูแดง,401.0
ปลาตับเต่า,398.24
ปูก้ามดาบ,387.1
ปลากระสูบขีด,382.556
ปลาคราวน์เตตร้า,381.929
ปลากระเบนธง,381.0
ปลาปักเป้าจุด,377.014
ปลาช่อนทองลายบั้ง,373.322
ปลาหมอโทรเฟียส,371.86
ปลาช่อนงูเห่า,365.71
ปลาแซลมอนออสเตรเลีย,365.5
แมงดาถ้วย,365.0
ปลาหมูลายเสือ,362.91
ปลาค้อเชียงตุง,360.68399999999997
ปลาอมไข่,359.56600000000003
ไรแดง,355.10200000000003
ปลาแค้ติดหิน,337.5
ปลาพลวง,337.00800000000004
ปลาบู่แก้ว,321.7
ปลาหมอสีเตตร้า,320.2
ปลาผีเสื้อ,313.606
ปลาปักเป้าทองแดง,310.3
ปลาการ์ตูนลูกผสม,310.0
ปลาแขยงหนู,309.837
ปลาซิวข้างขวานใญ่,305.235
ปลาผีเสื้อน้ำจืด,303.688
ปลาแก้มช้ำพม่า,298.503
ปลาซีบร้าไทเกอร์,292.837
ปลาหมูภูเขา,291.0
ปลาซิวแคระ,281.275
ปลาเรดแพมทอม,280.558
ปลาแมว,276.314
ปลาหมอแรมแดง,275.346
ปลาบรัดฟิน,267.006
ปลาคิลลี่ฟิชราโชวี่อาย,264.931
ปลาหมอเรกานี่,262.183
ปลาหลดม้าลาย,260.12
สาหร่ายคอนบุ,254.35
ปลากระมังครีบสูง,250.559
ปลาคางเบือน,250.208
ปลากระโห้อินเดีย,237.25
ปลาซิวครีบแดง,235.66
ปลาดินสอแดง,233.858
ปลาปล้องอ้อย,227.09
ปลาเสือหกขีด,227.0
ปลาช่อนงูเห่าอินเดีย,224.11200000000002
ปลารีดฟิช,220.302
ปลาไชน่าซีโก้,219.0
ปลาเผาะ,217.32
ปลาสะตือ,217.018
ปลาการ์ตูนเพอร์คูล่า,209.05
ปลาตาเหลือก,205.585
ปลาหนวดพราหมณ์,204.964
เต่าญี่ปุ่น,202.9
ปลาสะนาก,202.45
ปลาหมอ,201.105
สาหร่ายผมนาง,201.04
ปลาคลาวน์คิลลี่ฟิช,200.275
ปลาเค้าดำ,198.16
ปลาพิคตัสแคทฟิช,197.198
ปลากดแก้ว,195.5
ปลากระสง,194.4
ปลาเก๋าถ่าน,193.5
ปลาซิวใบไผ่เล็ก,193.483
ปลาหมอเพอร์ซี่,191.712
ปลาขี้ตังเบ็ด,189.5
ปลาผีเสื้อติดหินน่าน,189.5
ปลาแรดแดง,189.49699999999999
ปลาบึก,185.1
ปลาซิวหางกรรไกรแคระ,185.0
ปลาหมอกล้วยหอมเหลือง,182.672
ปลิงน้ำจืด,180.64
ปลาหมอสีไซโซ,178.12
ปลาแบล็คบาร์เรดฮุก,177.82999999999998
ปลาหมอแรมโบลิเวีย,176.421
ปลาพิ้งค์เทล,175.689
ปลาสเตอร์เจียน,175.654
ปลาหมอสุรินัมเอนสิส,173.769
ปลาพิงค์เทล,171.731
ปลาบาดิซ,171.031
ปลาอะราไพม่า,170.0
ปลาขวานเงิน,168.5
ปลาตะเพียนม้าลาย,167.262
สาหร่ายสไปรูลิน่า,162.89
ปลาซีกเดียว,162.8
ปลาน้ำเงิน,161.406
ปลาช่อนจุด,160.0
ปลาเพียว,158.673
ปลาเอมเพอเรอร์,153.0
งูหัวกะโหลก,152.0
ปลาบิเชียร์ลายบั้ง,151.90800000000002
ปลาเรดบิลลี่บลัดฟิน,150.83100000000002
ปลาแป้นแก้วสาละวิน,150.06
ปลาค้ออกลาย,148.0
ปลาอับไซด์ดาว,144.852
ปลาซิวหนวด,144.0
ปลาซิวแถบทอง,143.0
ปลาหมออัฟราคาจินโด,139.409
ปลาขาไก่,138.51
ปลาปีกไก่,137.827
ปลาหลดหางแฉก,137.24
ปลาแดงน้อย,135.033
ปลากด,133.379
ปลาแก้มช้ำ,130.45
ปลาเก๋าแดง,129.0
ปลาสายทอง,128.85
ปลาซิวข้าวสารแม่โขง,127.1
เขียดทราย,127.0
ปลิงทะเลลูกบอล,125.0
ปลาปักเป้าขน,122.563
ไรน้ำ,122.32
ปลาการ์,122.30199999999999
ปลาถ้ำ,121.0
ปลาการ์ตูนส้มขาว,120.04
ปลาแมวลาย,116.355
ปลาดุกลำพัน,116.0
ปลาเสือดำ,114.08
ปลาบู่ทราย,113.0
ปลาหูช้าง,110.039
ปลาปักเป้าฟาฮากา,106.644
ปลาแปซิฟิกบลูอาย,105.98
ปลาเก๋าเสือ,105.0
ปลิงควาย,105.0
ปลาค้อหางแดง,103.775
ปลากระดี่ช็อคโกแล็ต,99.0
ปลาช่อนบาร์กา,95.51599999999999
ปลากะแมะ,95.036
ปลาหมูหางจุด,95.0
ปลาอุก,95.0
งูงวงช้าง,92.0
ปลาเข็มงวง,90.06
ปลาโมง,90.0
ปลากะพงเหลือง,90.0
ปลาช่อนข้าหลวง,86.0
ปลาโลมาน้ำจืด,85.86
ปลาตะกาก,85.0
ปลาแค้แคระ,85.0
ปลากะพงทับทิม,84.0
ปลาหมูลายคู่,83.985
ปลาโรซี่เตตร้า,83.5
ปลาเชคเกอร์บาร์บ,83.0
ปลาซิวอินเล,82.0
ปลาดาบลาว,81.54
ปลาซิวหน้าแดง,77.8
ปลาไหล,77.42
ปลากัดช้าง,74.5
ปลาหมอฮองเต้,70.905
ปลาแค้ขี้หมู,70.53
ปลาสายทองแถบดำ,70.0
ปลาโรนันจุดขาว,69.0
ปลากัดมหาชัย,66.5
ปลาแปป,66.0
ปลาไส้ตันตาแดง,65.0
ปลาไข่ออง,64.65
ปู,64.0
ปลาแมวร้องไห้,63.646
ปลาเคร่าเดดี้,63.0
ปลาหมอโธร่า,61.183
ปลาหมูพม่า,60.944
ปลาจูบ,60.447
ปลาแขยงดานดำ,56.702
ปลาคุกคู,56.611
ปลาปักเป้าท้องตาข่าย,55.3
ปลาจวดเหลือง,55.0
สาหร่ายเซลล์เดียว,54.793
ปลาแซนด์แลนซ์,52.85
ปลาหมอแรมโพโรกัสเต็ดตร้า,52.5
ปลาซิวใบไผ่เขียว,52.0
ปลาพีค็อกแบส,51.67
ปลาเปคู,51.4
ปลาหมอสีไลออนเฮด,50.615
ปลาค้อลาย,50.169000000000004
กุ้งสแคมปิ,50.0
ปลาแปบควายอาร์ม็อง,48.0
หอยฟักทอง,47.0
ปลาปักเป้าตาแดง,46.46
ปลาช่อนดำ,46.0
ปลาซิวสมพงษ์,46.0
ปลาแปบ,45.0
ปลาเข็มแม่น้ำ,44.0
ปลาหางยาว,44.0
ปลาการ์ตูนดำขาว,43.314
ปลาค้อลายเสือหางแดง,43.0
ปลาซิวเจ้าฟ้า,43.0
ปลาไหลมอเรย์,42.6
ปลาหมูดาริโอ,42.18
ปูแสมก้ามแดง,42.0
ปลาหนวดแมว,41.71
ปลาแรดเขี้ยว,41.551
ปลาหมอมาคูแลตัส,40.732
ปลาเรดไซเนอร์,40.141999999999996
ปลาอะโรวาน่าดำ,39.0
ปลาพลวงทอง,39.0
ปลาเรดฮุก,38.468
ปลาจระเข้ฟอริด้า,37.024
ปลาอะโรวาน่าแอฟริกา,37.006
ปลากะพงแดงสั้นหางปาน,36.0
ปลาขวานหิน,35.59
ปูแสมภูเขา,35.45
ปลากดหมู,35.003
ปลาการ์ตูนแดง,34.4
ปลาไทเกอร์โกไลแอต,34.272999999999996
งูไซ,34.0
ปลาหางบ่วง,33.0
ปลาคางคก,32.039
ปลาจาด,31.0
ปูขน,31.0
ปลาตะกรับลาย,31.0
ปลาหมอซาวานี่,30.0
ปลาการ์ตูนอานม้า,30.0
ปลากะรังหัวโขน,30.0
ปลาซันฟิช,30.0
ปลาร่องไม้ตับ,30.0
ปลาแค้ติดหินสามแถบ,28.241
ปลามะไฟ,28.0
ปลามังกรทะเลใบหญ้า,28.0
กบตาหนาม,27.3
ปลาฉลามไม้ไผ่,26.96
ปลาค้อมัศยะ,26.221
ปลาอีคุด,26.0
ปลาลิ้นหมาน้ำจืด,25.863
ปลาคอมเมอร์เดียนเตตร้า,25.5
ปลาเพรียว,25.0
สาหร่ายยูซิวมา,25.0
ปลาแอตแลนติกทาร์ปอน,24.47
ปูน้ำจืด,24.0
ปลาปักเป้าสมพงษ์,23.0
ปลาปักเป้าหางแดงพม่า,22.490000000000002
ปลาหว้าหน้านอ,22.288
ปลาซิวสายรุ้ง,22.03
ปลากะรังหน้างอน,22.0
ปลาวูล์ฟฟิช,21.005
ปลาแขยงใบข้าว,21.0
ปลาหมอเสือดาว,20.605
ปลาค้อแถบดำ,20.3
ปลาเสือหกแถบ,20.25
ปลาหมอเทเมนซิส,20.25
ปลาตูหนาลายดอก,20.003
ปลาพรมหัวเหม็น,20.0
ปลากดขี้ลิง,20.0
ปลาบู่เรนโบว์,20.0
ปลาสลิดหินเขียว,20.0
ปลากระดี่โนเบิล,20.0
ปลาบู่เจ็ดสี,20.0
ปลาแฟลกเทลแคทฟิช,20.0
หอยชักตีน,20.0
ปลาดุกยักษ์ราฟาเอล,20.0
ปลาคองโกเตตร้าหางเหลือง,20.0
ปลากะพงดำ,19.5
ปลาเสือห้าแถบ,19.0
ปลาแขยงนวล,17.87
กบไวท์,17.6
ปลาตะเพียนหยดน้ำ,17.0
ปลากะพงหน้าลาย,17.0
กุ้งดีดขัน,16.388
ปลากริมแรด,16.0
กบหนอง,15.45
ปลาหมอช้างเหยียบ,15.0
ปลาปักเป้าปากขวด,15.0
ปลาแขยงเงิน,15.0
ปลาเฮมิโอดัส,15.0
ปลาค้อทรายพม่า,15.0
คางคกอ้อย,15.0
ปลาไข่อองเล็ก,15.0
อึ่งอ่างบ้าน,15.0
ปลาสังกะวาดท้องคม,15.0
ปลาหมอจำปะ,15.0
ปลาหมูจุด,14.958
เปลือกหอยสังข์,14.2
ปลาหมอเรดซัมบร่า,13.0
ปลาดัก,13.0
ปลาดุกตั๊กแตน,12.992
ปลามัลเลียการ์รา,12.698
ปลานกแก้วแดง,12.0
ปลาแขยงธง,12.0
ปลาบู่พีค๊อก,11.09
ปลาปอดแอฟริกา,11.006
ปลาน้ำหมึกจีน,11.0
ปลาบู่โคบอล,11.0
ปลาซิวเขียวกระโดงดำ,11.0
ปลาฝักพร้า,10.246
ปลาบู่กินตะไคร่,10.21
ปลาไทเกอร์วิตาตัส,10.113999999999999
ปลาหมอไพค์,10.024
ปลาซิวใบไผ่อันนาเดล,10.0
ปลาช่อนเอเชียติกา,10.0
ปลาแบลคเทลไซเนอร์,10.0
ปลาปักเป้าตุ๊กแก,10.0
ปลาลัคกี้ดราก้อน,10.0
กุ้งเขียว,10.0
ปลาซิวเขียวอินโด,9.46
ปลาเฮดสแตนเดอร์,9.120000000000001
ปูมะพร้าว,8.0
ปลาแขยงภูเขา,8.0
ปลาแมงป่อง,7.6
ปลาบัมเบิลบีแคทฟิช,7.43
ปลาแอมเบอร์แจ๊ค,7.0
ปลาหนามหลัง,6.99
ปลาซีราเวน,6.3
กุ้งหวาน,6.25
หอยหอม,6.0
ปลาหมอลวานดา,6.0
ปลาเลียหินหางแดง,6.0
หอยพิม,5.5
กบ,5.2
ปลาเด็มเซลท้องเหลือง,5.052
ปลาเสือปาปัวนิวกินี,5.0
เขียดขาคำ,5.0
ปลาดุกแบนโจ,5.0
ปูแมงมุมยักษ์,5.0
กบอ่องเล็ก,5.0
ปลาธง,5.0
ปลากล้วย,5.0
ดาวฟ้า,4.0
ปลาช่อนเข็ม,4.0
ปลานกแก้วเหลือง,4.0
ปลาลั้มฟิช,3.8
ปลาอะยุ,3.78
ปลาบิเชียร์จุด,3.579
ปลากาดิ,3.0
ปลานกแก้วน้ำเงิน,3.0
ปลาบู่จากลายแถบ,3.0
ปลากะรัง,3.0
ปลาสลิดหินน้ำผึ้ง,2.75
ปลามังกรญี่ปุ่น,2.6399999999999997
ปลากระโทงดำ,2.2
ปลาวู๊ดแคทฟิช,2.14
ปูเสฉวน,2.095
ปลาซิวสอบวา,2.0
ปลาบู่หนอน,2.0
ปลาจิ้มฟันจระเข้เขียว,2.0
หอยเม็ดขนุน,1.901
เพรียงหิน,1.707
หอยทากทะเล,1.57
หอยเม็ดถั่วเขียว,1.474
หอยขมทะเล,1.436
ฟองน้ำ,1.358
ปลาหมอเทศข้างลาย,1.319
หอยหมวกเจ๊ก,1.319
กุ้งยามาโตะ,1.3
หอยนางรมหนาม,1.2020000000000002
หอยทะเล,1.125
ปูมดแดง,1.0
ปลาบู่หน้าผี,1.0
สาหร่ายเอโอโนริ,1.0
ปลาหมอยูซีรัส,1.0
ปลาตีนจุดฟ้า,1.0
หอยเม่น,1.0
ปลาลิ้นหมากลม,1.0
ปลาดุกแคระ,1.0
หอยสังข์แดง,1.0
ปลาบู่ปากแดง,1.0
หอยกระพงน้ำจืด,0.97
ปูก้ามหัก,0.931
ปลาแอนเกิ้ล,0.9
ปูเป้,0.893
ปูใบ้,0.8540000000000001
ปูตายาว,0.854
หอยกระจก,0.737
เพรียงภูเขาไฟ,0.737
เพรียงหัวหอม,0.698
ไฮดรา,0.582
หอยหนาม,0.582
ปลาหมูลายจุดไซเบอร์เรียน,0.5
ปลาซิลเวอร์ดอลลาร์,0.5
ปูมะระ,0.466
บุ้งทะเล,0.466
ปลาบู่หางแหลม,0.388
ปลาบู่เขือ,0.388
หนอนถั่ว,0.31
หอยทับทิม,0.31
หนอนทราย,0.272
ไส้เดือนทะเล,0.233
หอยเสียบ,0.233
ปลาชะโอนหิน,0.2
ดาวเปราะ,0.194
ปูหินอ่อน,0.16
ปูเรนโบว์,0.12
ปูกะตอย,0.116
หอยแครงขน,0.116
หอยโนรี,0.116
ปลาแมนดารินสกู๊ตเตอร์,0.108
ปะการัง,0.096
ปลาบู่นีออน,0.09
ปลาวัวสามเงี่ยง,0.078
ปูแสมหิน,0.078
เม่นทะเล,0.078
หอยฝาเดียว,0.078
ปูฟองน้ำ,0.078
ปลาฉลามเสือทราย,0.076
ปูกระดุม,0.039
หอยปิด,0.039
หอยเบี้ย,0.039
ปูแต่งตัว,0.039
ปลากดหัวอ่อน,0.039
ปลากระทุงเหวควาย,0.039
หอยมุก,0.039
หอยทรุบุไก,0.039
สาหร่ายซากัสซัม,0.039
ม้าน้ำจมูกยาว,0.015
ปลากระเบนลายเสือดาว,0.015
มังกรทะเลใบหญ้า,0.014
ปลากะมัง,0.003
ม้าน้ำท้องป่อง,0.002
